id,codigo_barras,nombre_producto,descripcion_detallada,laboratorio,marca,principio_activo,codigo_atc,requiere_receta,es_generico,categoria,subcategoria,precio_bs,precio_oferta,ventas_totales,stock_actual,tiendas_con_producto,tiendas_sin_stock,imagen_url,fecha_extraccion
211700517,7501125184864,Electrolit Suero Hidratante Maracuyá Frasco x 625 ml, ,PISA OTC,Electrolit,,,,False,Salud digestiva,Antidiarréicos y sueros,8850.0,7965,42399.0,12096,45,0,https://product-images.farmatodo.com/hPYTP0FYNqXuWnU2-xecAuU5PmS_vthi8OkxodGb1egefhyoalEEm_8dD8E2Ga1flreHGlaMT-FZ-_6fcg4aZ8aIcbo8ie3zApODF24b7MTGyFNj,2026-01-20T02:37:30.992955
1054484,17501125176538,Electrolit Suero Hidratante Fresa Kiwi Frasco x 625 ml, ,PISA OTC,Electrolit,,,,False,Salud digestiva,Antidiarréicos y sueros,8400.0,7560,21348.0,3768,44,0,https://lh3.googleusercontent.com/ri8jgdSz8IW1u6qCbzvEnaZZGGQq_X4QhylmMS4QUYEVbVHwqtjiJoZQUeUi2UzLYWF3u02XbYPIafDGsutBLfZvR6svz2jCBVKFzg50W7YJvHPZfA,2026-01-20T02:37:30.993000
232850231,17501125184274,Electrolit Suero Hidratante Mora Azul Frasco x 625 ml, ,PISA OTC,Electrolit,,,,False,Salud digestiva,Antidiarréicos y sueros,8850.0,0,18038.0,5489,45,0,https://product-images.farmatodo.com/dX4-IuljWxEKEd6A-96I12XvAvVSjI8mXi2wILeEmpQ7luWn7Yqi2kfXnlVt4_jIz9IQQ1a3UZc-jJZzsBv4KYzLqy5JjCMbdEz5NMdNa_WDq6k4,2026-01-20T02:37:30.993020
1054486,17501125176545,Electrolit Suero Hidratante Uva Frasco x 625 ml, ,PISA OTC,Electrolit,,,,False,Salud digestiva,Antidiarréicos y sueros,8850.0,0,18000.0,5051,45,0,https://product-images.farmatodo.com/c32rvux8Z5_nFNOp6ICOGzRTi5mt9r_3TsGOXsdUGDMcXVkuZeSyACwuOAhE355nWce7379oaIkR2btq2ssDICPfqoMHisyTmPR-qc9shfTKSDR2Ng,2026-01-20T02:37:30.993034
1000409,7451079001543,Dolex Gripa Acetaminofen + Clorfeniramina + Fenilefrina 500mg/2mg/5mg x 12 Tabletas,Dolex Gripa  Alivia los MULTISÍNTOMAS de la Gripa X 12 tab,HALEON OTC,Dolex,Acetaminofen,,,False,Tratamiento de la gripa,Resfriado y gripa,18050.0,0,13811.0,1460,45,0,https://product-images.farmatodo.com/OYFs9uAPacUxrZs2a-8RhpOwUCHVU_x_8KJFcFge-wmF5u1UQYR8YhyMQNMCIALJ-480o8UMsJ9hNoPwDJCw-DuvZ7JMEtMcUPUvOcCCiCGrIYc,2026-01-20T02:37:30.993049
1054483,17501125176477,Electrolit Suero Hidratante Fresa Frasco x 625 Ml, ,PISA OTC,Electrolit,,,,False,Salud digestiva,Antidiarréicos y sueros,8700.0,6960,13702.0,2151,44,0,https://lh3.googleusercontent.com/1eCgUV3OXtDEvHpwgPdEsyfmCZuuFgScrrnpD-l2LI9byaoB0bq3KqHfrKLkmhP5lMYwXTxkJ7brMTV9PakwCznNppX3eLqbvx3EyBC7O-3zShI,2026-01-20T02:37:30.993063
1036529,7501033957376,Suero Rehidratante Pedialyte Max 60 Uva Frasco X 500 ml, ,ABBOTT NUTRICIO,Abbott,,,,False,Salud digestiva,Antidiarréicos y sueros,10250,0,12679.0,527,15,0,https://product-images.farmatodo.com/Yq2Aok4Fo_0fszI8lvm_IjRjKOpelIAanI7qEKUGF-NpIkia0PxSSWCtymAy9YK8sNWKVlTSyde1UvgjcOYkiY1tDkxe8hBaaUd8HzjjE9ZCEmf1,2026-01-20T02:37:30.993077
1054490,7501125176500,Electrolit Suero Rehidratante Naranja-Mandarina Frasco x 625 Ml, ,PISA OTC,Electrolit,,,,False,Salud y medicamentos,Droguería,8700.0,6960,12529.0,2197,44,0,https://lh3.googleusercontent.com/FAr51aVcgIn545VknWi5gkNMBE0Vp0VJn4WyIT14wrefSQvIc93El_ryFKG1iIP2e1xLHz5ZTFK8aph1-NCPsw0dR8C8Ckl1h1ka7UFQfzPcTYgH,2026-01-20T02:37:30.993092
1044062,7707232095752,Mieltertos Masticable Natural Freshly Paquete x 4 Pastillas, ,NATURAL FRESHLY,Natural Freshly,,,,False,Tratamiento de la gripa,Dolor de garganta,2450.0,0,12145.0,2281,45,0,https://product-images.farmatodo.com/pmKkXTLzHOlHDLU04AX4_U8hBc7KnHN7HijbwNe3GKm-pLPbU5oakEZC1HgTVIX1gw5qSngN1opNohISVcwL8wKeLAzis0MYfb-k8j_-Fuv-vtTNYw,2026-01-20T02:37:30.993105
292550530,7897653542383,Sobre Láminas Álbum Panini Copa América 2024 x 5 und, ,CONTINEN TRAVEL,Panini,,,False,False,Otros,Libros,3200.0,0,11781.0,54015,44,16,https://lh3.googleusercontent.com/1-XNbKOYUr4tKbj5C8l04oOg4S9ppiZXCu6i9ttuca9GMHYUTTfcmsQgn0cZjfmqusNWdZy8uKsxDzOVwbHUXs8vFzWE4biNi_GHmRzxFVYMONEO,2026-01-20T02:37:30.993121
1032300,7702870004401,Sevedol Extra Fuerte Acetaminofén + Ibuprofeno + Cafeína Caja x 8 Tabletas,Alivio del dolor de cabeza asociado a migraña,LAFRANCOL C.H.C,Sevedol,Acetaminofén,,,False,Alivio del dolor,Dolor fuerte,16500.0,0,10044.0,1593,45,0,https://product-images.farmatodo.com/A8rQRxoffiG8KiZPnIc2QVTfdDYtscBW7aJqhZviV0UJ2Hse4PVa0LvJSoOVsOENLJvPZ5mArZGW6V46HJgvr8DEZ-GV_lakp1S_CU9wokPcAoQcAw,2026-01-20T02:37:30.993135
1021284,3582910009900,Probiótico Enterogermina Suspensión Oral Sanofi x 10 Frascos,Enterogermina es el probiótico #1 en el mundo que cuenta con microorganismos que benefician tu salud y sistema inmunológico al regenerar y equilibrar la flora intestinal afectada por los problemas digestivos o el uso prolongado de antibióticos,OPELLA,Sanofi,,,,False,Salud digestiva,Antidiarréicos y sueros,77450.0,61960,9770.0,1866,44,0,https://lh3.googleusercontent.com/7CMGjxWsTbqIwBk9_9p3m_WONgKrvPGeKhPtxe2Kb9VyWObIiyjYxe_oaQoUY9GT0hJtzhBq9tLUFSi3G8gije5Okv3HKeRUoUkPHmdvZd3EqT4,2026-01-20T02:37:30.993156
1024818,7501001305758,Drops Vick Cereza Caja x 5 Pastillas,"Los caramelos Vick Drops son pastillas con un sabor a cereza refrescante, con doble poder para refrescar la boca y la garganta.",PROCTER OTC,Vick,,,False,False,Tratamiento de la gripa,,2250.0,0,9464.0,387,0,0,https://lh3.googleusercontent.com/c3AwvKqgfB8LJtK2e-pBiiIbQPDYt9I0BGSalNhfkBVXo8eEojFAFMQ3rbLA0gG2OGeN-mEefuNHrU1EBMt9PTESukDBPKEoa9JQxv8V4SsF4bio,2026-01-20T02:37:30.993172
223750116,5000167090130,Strepsils Intensive Sabor A Naranja Caja x 16 Tabletas,Strepsils sabor a naranja y sin azúcar X16 Tabletas Flurbiprofeno te ayuda a combatir el dolor de garganta en tan solo 2 minutos debido a que contiene potente antiinflamatorio.,RB HEALTH,Strepsils,Potente,,False,False,Tratamiento de la gripa,,23950.0,0,9402.0,36,0,0,https://lh3.googleusercontent.com/E99X7MF84lUSofIv4U83JjWOCK1JJNy5FIol414UangTWZn8zgdmMtZQVQHgrIvcTUxv7JByMx6UrtFd3uTahNg779-LtN_g7Q0XhiVrDqM2y9I,2026-01-20T02:37:30.993197
1039405,7707336720598,Engystol Caja x 50 Comprimidos, ,HEEL COLOMBIA,Heel,,,False,False,Salud y medicamentos,Droguería,72950,0,9394,86,0,0,https://lh3.googleusercontent.com/GmyauO6JCOpCxtI4WbfB5DoLbmaSXJRZ3vT2IGXKvEZ150Kyb5jL8j4egb-jM2zk8H2E4jutq0lWxSnKF1RaBNxgyJ_oiUMsGTAvsG8EQ5Fx0oXA,2026-01-20T02:37:30.993213
1053437,7702626214849,"Strepsils Intensive Miel y Limón Flurbiprofeno 8,75 mg RB Health Caja x 16 Tabletas","Strepsils Intensive para el alivio efectivo del dolor de garganta, irritación e inflamación de la garganta. Contiene Flurbiprofe",RB HEALTH,Strepsils,Flurbiprofe,,False,False,Tratamiento de la gripa,Dolor de garganta,29050.0,0,9298.0,1124,45,1,https://product-images.farmatodo.com/XeGc_CVvad6w3TW0Fcxf5c14nSS4EskfdKMVfa8c8FRLkcASW2cQTU6UCWqNWjubqhAuQTQuEdAw1CjbePZ--iHEGqaFaCQIKw,2026-01-20T02:37:30.993225
1053403,650240028199,X-Ray Dol Acetaminofén + Naproxeno + Cafeina 250mg/220mg/65mg Genomma x 12 Tabletas,"La fórmula de X-Ray dol ayuda a aliviar el dolor y la inflamación de músculos y articulaciones hasta por 12 horas


.",GENOMMA OTC,X Ray,Acetaminofén,,,False,Alivio del dolor,Dolor general,22950.0,18360,9256.0,802,43,0,https://product-images.farmatodo.com/1lnLwQvWAsvKR9wybH_Cp7u5W4LlsLDfZ2kQoEnptJfjUusrwLD7DqEX1ByS8v8uSX4vaBLICpQFqY-Ls86gw2VLf1aQYGSnNjF19uv-OTvYXn5d2w,2026-01-20T02:37:30.993238
206650210,7501033961557,Pedialyte Max Con Zinc Fresa Suero Deshidratación Abbott Frasco x 500 ml, ,ABBOTT NUTRICIO,Abbott,,,,False,Salud digestiva,Antidiarréicos y sueros,9950.0,0,9164.0,1106,44,0,https://lh3.googleusercontent.com/SVFB0esS9Iibf24nXch9fYDKhnUIg2G7NgKUVLPNxNkOcA7Qo7B3ur4dlChmyV078fb1w5OAvRcgC8b2XviIVedEoXLL0hudjVOlRgGEYbTprNEk,2026-01-20T02:37:30.993253
1051377,7703546031004,Congestex Gripa 12h Ibuprofeno + Fenilefrina + Cetrizina 5mg/200mg/20mg Novamed Caja x 10 Cápsulas, ,NOVAMED S.A.,Novamed,Ibuprofeno,,,False,Tratamiento de la gripa,Resfriado y gripa,16150.0,12920,9147.0,561,44,1,https://lh3.googleusercontent.com/SY9nVshvAEQpEkbgS_cCtI9cVkg2qmGNdwiv6lVPEHum6FvQhMIVjkg8C0Kb5o5v_dPoiLKS_nVTeR6TkxYIzt4nZ-xM7nZP-SmjgmxKoxpjTWCx,2026-01-20T02:37:30.993265
232850223,7501125185182,Electrolit Suero Hidratante Jamaica Frasco x 625 ml, ,PISA OTC,Electrolit,,,,False,Salud digestiva,Antidiarréicos y sueros,7800,0,8548,2236,0,0,https://lh3.googleusercontent.com/zKFnVA5VtXY8WNs--lz27iHOu6PXb-dzoEIN-m4kLq11ZS2AKP-D04ClwgM4Yi-P771GKj2ving4tcZsjeD8_DJ7XTrtYxaa6X-Hj0sp3gLamtkt,2026-01-20T02:37:30.993279
266150268,7703143365816,Ampolla Lehit Hidrofluido con Ácido Hialurónico x 13 ml, ,COSMETICO LEHIT,,,,False,False,Cuidado del cabello,Ampollas,4300.0,0,8428.0,0,42,1,https://lh3.googleusercontent.com/-Nq1av8E3_41NknE1KjWkkU4M0D8FzTJ_DJBc_tf_dUC0Hz6pj0UJlYB4-TOjDNc2_yIhKVTFp3g4UZFwRyI3eYsOmVXW_j2TqOET65nkzIEyOo,2026-01-20T02:37:30.993293
1046948,7702626211770,Gaviscon Doble Acción Bicarbonato de Sodio para Reflujo e Indigestión Sachet x 12 und,"Gaviscon Doble Acción Sachet tiene un doble mecanismo de acción indicado en reflujo gastroesofágico, acidez gástrica e indigestion.",RB HEALTH,Gaviscon,,,,False,Salud digestiva,Antiácidos y antiulcerosos,39550.0,0,8391.0,2082,45,0,https://product-images.farmatodo.com/dtkp86KcUA3d4a-ly-0E4hP6BS8BX_nC5bh_tFxJJYCnFZHjfFtFdfTo9LFHNpbHfcniMtLG_0WO1bmKagMxQbHGQ6xqNUVu4WAM5uvhsAHdT4lI,2026-01-20T02:37:30.993311
233500209,7702024539933,Snack Para Niños Klim De Corazones Sobre x 15 gr, ,NESTLE COLOMBIA,,,,False,False,Compotas y cereales,Galletas bebé,3100.0,2480,8317.0,914,44,4,https://product-images.farmatodo.com/mW3xnE4Pd0ZOoC2MQVOMu6Pc9EpJpnPVpqPXobTrGcq83qti9cs8EbhEQO0YMD9mwlaxXQGGGPgMRO3a-q5IEp3sZz1y_YJUIHcPAdP4zon8p3U,2026-01-20T02:37:30.993327
1036528,7501033957369,Suero Rehidratante Pedialyte Max 60 Manzana Frasco x 500 ml, ,ABBOTT NUTRICIO,Abbott,,,,False,Salud digestiva,Antidiarréicos y sueros,10250,0,7834.0,378,15,0,https://product-images.farmatodo.com/OU2rmVTzxDP2iG_VZNc1Ar8COhn8odm8T2_Iu9nzEPHePKvD80G59f6y3zDKsfxF3tKsBzqajszSZzZBneew9Bway3bV-yEEohNiWtE0qB0_j7Vu,2026-01-20T02:37:30.993349
1033857,7707355053349,Noxpirin Plus Acetaminofén + Cafeína + Cetirizina + Fenilefrina Siegfried Caja x 6 Cápsulas,Antigripal.,SIEGFRIED S.A,Siegfried,Acetaminofén,,,False,Tratamiento de la gripa,Resfriado y gripa,11050.0,0,7200.0,702,45,0,https://product-images.farmatodo.com/nsZdcpe9abfDyTfvpon7wtmhuwdSlBtMEb69-ntueR8NvYV6XrA3IpVWo5nOkdKKH4C2_w9d9Wqx34UeAySF5TCMvbLUVlT4K3OGFLKBccb0y7P5gA,2026-01-20T02:37:30.993364
1051313,7703546041430,Dolorsin Fem Ibuprofeno + N-Butilbromuro de Hioscina 400mg/20mg Fracción x 4 Cápsulas,Ibuprofeno 400 mg  + Butilbromuro de hioscina 20 mg ,NOVAMED S.A.,Dolorsin,Ibuprofeno,,False,False,Alivio del dolor,Dolor fuerte,7950.0,0,7177.0,1012,44,0,https://lh3.googleusercontent.com/hShKQy4WrWEdri13MFKHoPL81KHf_vry6M1fSMhkIb6WRqYf51mCorRouC13HQ7qJ_Ry3aOBFDNV2cKhY2fIbJocRuvx8r6qYmpuPWw2SNwdwPs,2026-01-20T02:37:30.993378
236450032,7706569824554,Acetaminofén 500 mg Ag Caja x 20 Tabletas,Principio Activo: Acetaminofen 500 mg,LAFRAN AMER GEN,AG,Acetaminofen,,,False,Salud y medicamentos,Droguería,8100,0,7134.0,243,15,1,https://product-images.farmatodo.com/E9v07LFcVkn4ZdHm9wZJzPXbvfzhrF4hyCTw3SPr9isulwtn9YIMvEO4c51IS6tzo4w195Acj7nOnYl4LfgQjRjiL5VZGGEJRz3Y5MlUZsWKQSdksw,2026-01-20T02:37:30.993387
1021452,7703202221275,Buscapina Fem Hioscina + Ibuprofeno 20mg/400mg Caja x 6 Comprimidos,Potente antiespasmódico y analgésico que reduce y alivia los cólicos.,OPELLA,Buscapina,Ibuprofeno,,,False,Alivio del dolor,Dolor abdominal y cólico,13450.0,10760,7129.0,1027,43,1,https://lh3.googleusercontent.com/l9IHIr-nHjJTJUanBIuYSCArRqKz-IvOdGfJP-JyMkoVyhKsYpDO-bI0b_nHCfydrfvHp5ggQxs46ngH9DQY0ey8fUaaNqTFSAGrHrmZJ-OlzvY,2026-01-20T02:37:30.993400
1033117,7707172688939,"Dolex Avanzado, Acetaminofén x 10 Tabletas",Dolex Avanzado Alivio eficaz del dolor y la fiebre 10 Tabs,HALEON OTC,Dolex,Acetaminofén,,,False,Alivio del dolor,Dolor general,13050.0,0,7069.0,1269,45,0,https://product-images.farmatodo.com/sL5bDWBS5WKscLL3xuBKJtYPQ9KYB0zxOGIoAOK-GBbrfdLuj0eup0MO5PiNcyzie2mtlw8mj7OXVNKojBps3TTPpPT_aB2UDoR6I5XJ0rsqrrw,2026-01-20T02:37:30.993421
200750033,4011548041314,Mebucaína Forte Cetilpiridinio + Lidocaina Clorhidrato 2mg/1mg Gsk Caja x 10 Tabletas, ,MEDWELL,Mebucaína,,,False,False,Tratamiento de la gripa,Dolor de garganta,13200.0,0,6836.0,415,44,1,https://lh3.googleusercontent.com/ga7FgUWtA3ZHdHkG2_mmPzD3VlG3Af9E7wZN1HG2rYA30CQr4NuF9ev6BbBoFakNpMIWveXZ7RKb_SoV1pMr--RKWaycSyfD5OZcsFaBHLk3WZWh,2026-01-20T02:37:30.993447
1033586,7706127006392,Pax Noche Limón Acetaminofén + Fenilerfina + Clorfeniramina Sanofi Caja x 6 Sobres, ,EUROFARMA OTC,Sanofi,Acetaminofén,,,False,Tratamiento de la gripa,Resfriado y gripa,16350,0,6832.0,539,41,0,https://lh3.googleusercontent.com/I25KNWpc8pi_65-ncv_g6wXnB9aYSkrcr11Ia03wfjSrwVwoJmaOV8L6TbBQxt8YPRYiwhlOH9yKUo80biI8Qanck1g3NPqnBwYoYrUDYz8kl7BR,2026-01-20T02:37:30.993461
1010685,8888888888900,Vick Vaporub Ungüento x 12 gr, ,P&G Health,Vick,,,False,False,Tratamiento de la gripa,Descongestionante,5600.0,0,6792.0,886,45,0,https://product-images.farmatodo.com/2qxPAQwHIX_VP0A07Ry8QlQe0IjktI1Y1FwyYdQWE8gCpYYKYDe8yb-6_ID7MX1kMUfYmXnj1d30IgZg10h8PbLIcVT0846mKAmeLkU4NLrCoho,2026-01-20T02:37:30.993475
1055876,7703143203330,Ampolla En Sachet Lehit Coctel 8 En 1 x 1 und, ,COSMETICO LEHIT,Lehit,,,,False,Cuidado del cabello,Ampollas,3950.0,0,6746.0,1445,44,0,https://lh3.googleusercontent.com/X8w00FN4f90J9vajlHhO8AqbMg89pA5YqyKiQEhio2ntCdWzzpiVh60rR8xq7xM97e_5zZ4RWVngfuoexg1wZoiql6aUjoSm4r7noYIue_nwLUmd,2026-01-20T02:37:30.993487
289650492,7707397791629,Dolex Forte Acetaminofén + Cafeina 500/65mg Haloen Caja x 10 Tabletas, ,HALEON OTC,Dolex,Acetaminofén,,False,False,Alivio del dolor,Dolor fuerte,20250.0,0,6702.0,968,45,0,https://product-images.farmatodo.com/NzAM12jdXDn53pri8kpmeLfYMo7jMYEAZ5t1iMiSJA2rX--sQbuy5ah9CyI53VKEeEqmV1yxusGYRQVltyRZLrt0zDPEgsJc22a1cGg6NZS3EDFmBg,2026-01-20T02:37:30.993500
1055872,7703143294376,Ampolla Lehit Keracrece 10 Cabello Maltratado x 1 und, ,COSMETICO LEHIT,Lehit,,,,False,Cuidado del cabello,Ampollas,4000.0,0,6655.0,0,42,1,https://lh3.googleusercontent.com/AfoplPLxsXZ9aBFJMTI2I0aIoW62TiiCrZZM0Z49K1FYwAkFbGClP_RG2piiDxMvSWjVcJKb8pWSbk3bQlSgjfszoYPBFoLmN3FVIh1u_405GlvjXQ,2026-01-20T02:37:30.993523
219550331,17502316493281,Electrolit Suero   Rehidratante Sabor Ponche De Frutas Frasco x 625 ml, ,PISA OTC,Electrolit,,,False,False,Salud digestiva,Antidiarréicos y sueros,8850.0,7522,6595.0,3391,45,0,https://product-images.farmatodo.com/5wAEoeQiwVzjruoh12UrFlaFcFQFWMFDYIJ284AvmpKr62nJxhUqwcgcbrq_n73GK6rt_uE4U7xUFwW29Lz98ONM_g2Q0I2kh4zDpNsizX9LquRv,2026-01-20T02:37:30.993541
1048958,85083413,Dolex 500 mg Fracción x 10 Tabletas, ,HALEON OTC,Dolex,Dolex,,,False,Alivio del dolor,Dolor general,9800,0,6364.0,703,44,4,https://lh3.googleusercontent.com/QhSdZ6LDo0EG7PC__q8y5Gm-f1Xu6VpIAmt39D1Izb7R1240MQSMe4Icj-7gqsKq3_CNb9E5-ara5W_DPMjFLZDp91BFgH-vbOzaPocdCIZ2_osi,2026-01-20T02:37:30.993552
1049385,7702057160975,"Noraver Gripa Noche Panela Limón Ibuprofeno + Fenilefrina + Cetirizina 200/10/3,33mg Caja x 6 Sobres",Antigripal en bebida caliente.,TECNOQUIMIC OTC,Noraver,Ibuprofeno,,,False,Tratamiento de la gripa,Resfriado y gripa,19450,0,6337.0,133,15,0,https://product-images.farmatodo.com/U6Wtm_MOEZ239oOJnwbvRDKCXIQq9LqW-1Xy0uyj5g-Bg5hXDTyQyf_RfZXw9EhVKe-UuHC9tv0_mEIbRrnQWQO9CaCuaVUdtXPSsSHz79gM183c,2026-01-20T02:37:30.993565
281800601,7702057800901,Bonfiest Lua Plus Ácido Acetilsalicílico + Cafeína 650mg/65mg TQ Caja x 8 Sobres, ,TECNOQUIMIC OTC,Tecnoquímicas,Ácido Acetilsalicílico,,False,False,Salud digestiva,Antiácidos y antiulcerosos,31800.0,0,6326.0,713,45,0,https://product-images.farmatodo.com/qyhzJyPpd2jXRpQgjp7v3DsXKfGp4n2y_nEXnlwoiia8YEMFfJLqfUTy7Zs2N3emI7x2EnnIvIcQugAlzWa9e0t6wAJ_NPSvn7EjAWFU1tnnLitMDQ,2026-01-20T02:37:30.993580
1032434,7702132008611,Advil Max Ibuprofeno x 10 Cápsulas,Alivio del dolor severo y prolongado.,HALEON OTC,Advil,Ibuprofeno,,,False,Alivio del dolor,Dolor fuerte,22050.0,0,6319.0,1305,45,0,https://product-images.farmatodo.com/FDf_YhLFYTu5IxD1_ODkNOxMQ0Jk-iBQmFqGVBsFHNLevNdK_S_05Ot_-QJt2Dp3AE4LwB9-HeInFVduyea56GLNH5T2tskacbp_dlZ6Zr0qcDma,2026-01-20T02:37:30.993592
1002680,7702057070939,Azitromicina MK 500 mg Caja x 3 Tabletas,Azitromicina Mk 500mg Tabletas Caja X3tableta,TECNOQUIMICA MK,MK,Azitromicina Mk,,true,False,Salud y medicamentos,Droguería,16400,0,6294.0,294,15,0,https://product-images.farmatodo.com/cUVcDkRde1UVEyZWrCFNIYPIHEI817sqC_4yqkXTmrUZiWhm2NADfsfh_Oyo1t6zrQXJlUc4zrscNz5MfDVs6NYELxCuJFZ5RwY6bw3gtt62FlQy,2026-01-20T02:37:30.993604
281800610,7702057801922,Sal de Frutas Lua Plus Bicarbonato de Sodio + Simeticona 0.1gr/2.83gr TQ Caja x 8 Sobres, ,TECNOQUIMIC OTC,Sal de Frutas,,,False,False,Salud digestiva,Antiácidos y antiulcerosos,26600,0,6169.0,233,15,0,https://product-images.farmatodo.com/VY_oF6zmZUjt_g01Bz0ehMKXybcQL5InqPIHRAqnkqLY7eMIuzBM3jJdNDt2DXt9Mu-rCCu2OWZfnW-zgXJ8oJ_jjWpBjnbA4jFed9tT5XLFvH_rNQ,2026-01-20T02:37:30.993618
1000690,7702057074005,Loratadina MK 10 mg Caja x 10 Tabletas,Loratadina Mk 10mg Tableta Caja X10tab.,TECNOQUIMICA MK,MK,Loratadina Mk,,false,False,Salud y medicamentos,Droguería,5100,0,6060.0,244,15,0,https://product-images.farmatodo.com/ybhWOmVOP8Zj26Z6EmhSoBEkC5VAslNeFIyfctB8BGrpAkkiRlWynyJdT2TeHdcNGRCZG-hUyBEVvq6j-xF1bpanHRoa-m3YBv9LDU6y_4fhrS3J,2026-01-20T02:37:30.993629
1055877,7703143202333,Ampolla En Sachet Aceite De Argán Lehit x 1 und , ,COSMETICO LEHIT,Lehit,,,,False,Cuidado del cabello,Ampollas,3950.0,0,6036.0,1480,44,0,https://lh3.googleusercontent.com/EdKRz04IjQDPWLbpr3np01IkTiNRzGI3dJS8uqk_5caySBrJbfqUV71GPyZhHGSxPu8WHYOT7VySaeb9nKYST6MfwNk1tdMoCX_RldzkzaYneNI,2026-01-20T02:37:30.993659
1044736,7702870003589,Postday Levonorgestrel 1.5 mg Lafrancol Caja x 1 Tableta, ,LAFRANC FARM 1,Postday,,,false,False,,Droguería,17850,0,5997.0,157,15,0,https://product-images.farmatodo.com/gPV24p6liHDsm6Hc0qFJNEyj_b9J_PSSOABppv5pM1GEnltl9f2NyIH5-VUyuswGkp3jn-90IRKEs4cKmZg2ip77yXNSIJVDROQA1YbYyaIC_wP41w,2026-01-20T02:37:30.993676
1032329,7702057078584,Cetirizina MK 10 mg Caja x 10 Tabletas, ,TECNOQUIMICA MK,MK,Cetirizina Mk,,true,False,Salud y medicamentos,Droguería,8950,0,5930.0,175,15,1,https://product-images.farmatodo.com/1SHIbujX9JVyeyjSEg_Lpd8ujDJrLu_4KM8_KMFm3EL4jn-z7DV6Hc5XwrLUE8e4Ob6Mjg7ybjDmzVv8dco2GRbbWrFbV7o1R6A_itJZlBciVlvZ,2026-01-20T02:37:30.993686
229100069,7703143320334,Tratamiento Capilar Repolarizador En Frio 18 En 1 Sobre x 30 gr, ,COSMETICO LEHIT,Lehit,,,,False,Cuidado del cabello,Baños de crema,3350.0,0,5836.0,783,0,0,https://lh3.googleusercontent.com/Lhm1yiSBIA6d1eM6CNyopBCZVVDdq3Ey7p3c3CXH7VEUC_lCGJtR6_SNW727X2JajzkFRpW7u6MCkr2IIr0Qw8tPo47O2oedFlWqpk5ikBO5HT1h,2026-01-20T02:37:30.993700
1012432,7707172685778,Dolex Niños 2+ Acetaminofén 160 mg Frasco x 90 ml,Dolex niños 2+Alivio efectivo de FIEBRE Y DOLOR jarabe X 90mL,HALEON OTC,Dolex,Acetaminofén,,,False,Alivio del dolor,Niños,17450.0,0,5668.0,612,44,0,https://lh3.googleusercontent.com/DmtmTpfa3s5ZNwbTsogGlIBoce7KItZtT_laSWstGeAlwpa8DnGN3T_9blaPKAhq9EGvTOesoM7XDfKRf0N-0ktduAKxrzF3yu1i6HuWpf5vvw,2026-01-20T02:37:30.993712
1054482,7501125176456,Electrolit Suero Rehidratante Coco Frasco x 625 ml, ,PISA OTC,Electrolit,,,False,False,Salud digestiva,Antidiarréicos y sueros,9150.0,0,5566.0,1490,43,0,https://lh3.googleusercontent.com/hyn2Rlr2TLwFkk9VMkLzlJgVgcL9WrTLtglRA3jZDKhLVb18auxzRP6vZ-fBbCIsbLVH0j9OZRpKh-lisfQzw-JBYHiSVjregJdwxSzBHquJfzUhFw,2026-01-20T02:37:30.993725
1046962,17702057010925,Hidraplus Zinc Cloruro de Sodio + Dextrosa Tecnoquímicas Sabor Uva Frasco x 400 ml, ,TECNOQUIMIC OTC,Tecnoquímicas,,,,False,Salud digestiva,Antidiarréicos y sueros,11750,0,5436.0,395,15,0,https://product-images.farmatodo.com/RDQNqUA6_ogOGInMLSamuJMbYECa4oE568G1U0ILv4zbnbO4AIAGpfDa6lH9ehjE__oACTQX2bjX81VDoinNq2ZPwMuFtmuoK1wxqE_ULwuby_o,2026-01-20T02:37:30.993741
215550528,7702004110725,Cerveza Coronita Nacional 210 ml x 6 und, ,BAVARIA KOPPS,Corona,,,,False,Bebidas alcohólicas,Cervezas,18712.0,0,5423.0,463,45,3,https://product-images.farmatodo.com/e178ajHcjM5x87lU5pzhb2T14T7W_Its7d10EqbRqFShXeX4Z-Bo9-ES3zrWblRCXU5TZorp_LaIafHCPkZDOozs9XGvGYYXD5gpKUtH6G0Y4V78Jg,2026-01-20T02:37:30.993753
257850115,7702057161286,Noraver Gripa y Tos Fast Total Ibuprofeno + Dextrometorfano 400mg/15mg TQ Caja x 6 Cápsulas, ,TECNOQUIMIC OTC,Tecnoquímicas,Ibuprofeno,,False,False,Tratamiento de la gripa,Resfriado y gripa,17450.0,0,5356.0,670,45,0,https://product-images.farmatodo.com/uwZuFuDoGL-N6yOjrw1wlPCDrBP6m3xOIattpsfz098fiOPD3O4mabgC4LYfFbf5Erlm2X8BCsWKCNZvUnqMdZ_VTWHVKfe_L3xob3KvjOPaZnHb,2026-01-20T02:37:30.993764
206650201,7501033961540,Suero Rehidratante Pedialyte Max 60 Coco Frasco x 500 ml, ,ABBOTT NUTRICIO,Abbott,,,False,False,Salud digestiva,Antidiarréicos y sueros,10250.0,0,5319.0,962,45,0,https://product-images.farmatodo.com/j73sDFq6J1NlVPv-_tJ7kmYQZBIGukf0ZW2q3c2dm3MWjanoTTmw-Jz9tWV4mFGmOrYot_76w8eyOXZeiwQRrrZPp5iBHEHO32_Zl1L6TgNWuOILUA,2026-01-20T02:37:30.993777
212400129,7707229970161,Suero Fisiológico Cloruro de Sodio Quibi Bolsa x 500 ml,Solución que aporta Hidroelectrolítico,QUIBI SA,Quibi,,,false,False,,Antidiarréicos y sueros,4800.0,0,5317.0,291,45,10,https://product-images.farmatodo.com/H3e1VrLPEG-9B84QMjkVqeAwY_nDj_L3JV7gkttrPkN_QgYKBMRdsk-aUkQTOnv4DzrHne6aRRTvUCrEt3jg5tkQKxFlfrQRaGck5iSd_L0wF04,2026-01-20T02:37:30.993801
1000079,7591044008952,Allegra Fexofenadina Clorhidrato 120 mg Sanofi Caja x 10 Tabletas,"Es un potente antihistamínico que combate los molestos síntomas asociados a la Rinitis Alérgica que se manifiesta en ojos llorosos, picazón de ojos y garganta, estornudos y flujo nasal. Con solo una tableta al día, actuando desde los 30 minutos, reduce las molestias durante 24 horas. ",OPELLA,Sanofi,Fexofenadina,,false,False,,Droguería,68200.0,54560,5311.0,682,45,0,https://product-images.farmatodo.com/VuMG49o-wbndmKjs66Va27BkdfoqCvo8aoUIviefcoeKyBZfTRekzF8DvpqX3IucsGbzCIlRs1AEJiNbiNMBVCJOFkfD3w4IvFllIiY70_pjCjk,2026-01-20T02:37:30.993912
107461755,7441026003348,Dolex Bebés Acetaminofén 160mg/5ml Sabor Frambuesa Jarabe Frasco x 60 ml,Dolex Bebés Alivio FIEBRE Y DOLOR sabor Frambuesa 60 mL,HALEON OTC,Dolex,Acetaminofén,,False,False,Alivio del dolor,Niños,16050,0,5286.0,88,15,1,https://product-images.farmatodo.com/2FJx_tPRm12fPMZYdoRpcd4enyQiAdQM62uzgCsEYCJtsaC5iRMtxFfbxd6_-26d6hAabmV_PcYdwkN1-8k7b-imbddr7WwoMOSqVjj2De-YbyOrFQ,2026-01-20T02:37:30.993931
1033712,7707355053318,Noxpirin Plus x 12 Cápsulas,Antigripal.,SIEGFRIED OTC,Siegfried,,,,False,Tratamiento de la gripa,Resfriado y gripa,14950.0,12707,5275.0,0,0,0,https://lh3.googleusercontent.com/GRYXOwM8EBmOK-W6q7GBobOxy6hMuURmZF2LNm9dvElhmpRbLxrRcXMzO8S3M4akgu5gPmrCZMUDaiZw15ZmoiO6TaF6u8qVqg,2026-01-20T02:37:30.993945
1003131,7702132004460,Mareol Dimenhidrinato 50 mg Haleon Caja x 12 Tabletas,Mareol  Evita y alivia el mareo con dimenhidrinato 12 Tabs,HALEON OTC,Mareol,Mareol Dimenhidrinato,,,False,Salud digestiva,Productos para el mareo,9700,0,5232.0,218,15,0,https://product-images.farmatodo.com/4NjuT95DMc9oV75R5MmbGbdBQfj6PIaJqAu36f4L_6yGdHyXGvBmCHHU7oThP1QEBCif7jhoAqIMydUJ3IPOsVih9TblCeaAweLJvxAdQhDPSrU,2026-01-20T02:37:30.993975
1037221,7707355054339,Noxpirin F Adultos Noche Acetaminofen + Fenilefrina 0.5g/0.01g Siegfried Caja x 6 sobres,Antigripal.,SIEGFRIED S.A,Siegfried,Acetaminofen,,,False,Tratamiento de la gripa,Resfriado y gripa,16550,0,5223.0,121,15,1,https://product-images.farmatodo.com/griP_-sZtcCXgSDu6VmpLqZZSqyCg34dRYPW4JGVNWuUCph9FxoyoZ1_7cdgdKkuikzGebK3rnSVyDUPCT7ipQRmMcRyOJ86nBQ,2026-01-20T02:37:30.993995
1011511,7702057162412,Noraver Garganta Menta Benzocain + Cetilpiridinio 10mg/1.4mg Tecnoquímicas Caja x 12 Tabletas,Antiséptico y anestésico bucofaríngeo que elimina bacterias que causan infección. Alivia el dolor. Resfresca tu garganta.,TECNOQUIMIC OTC,Noraver,,,,False,Tratamiento de la gripa,Dolor de garganta,23550.0,0,5201.0,657,45,0,https://product-images.farmatodo.com/v63AQGtbphxemShcVZpt7v7dpskEwoekPAN4H-ldummt3H51L0w3npl-7tLtkdN6d56UH9QfXHRPkGbn6bhwZ0bsnWO0Ivzu9a__gm7x58gqndE,2026-01-20T02:37:30.994015
291900593,7702535032787,Gaseosa Coca Cola K-Wave  Fruity Fantasy Lata x 269 ml , ,IND NAC GASEOSA,,,,False,False,"Aguas, gaesosas, jugos, tés y energizantes",Gaseosas,3000.0,0,5110.0,412,44,5,https://lh3.googleusercontent.com/sAQO_9jCoa9neDwimgV6zOQhMzi4b7a2k2_Ct7BpaWE8WHb5pxJ9mkMFo1f9DJUKusI7YnVmhkhrtettn97ejrwDxj-baI4gat5Eo85nSmJ5XNES,2026-01-20T02:37:30.994030
1000506,7703445030078,Fluimucil N Acetilcisteína 600 mg Zambon Caja x 10 Sobres, ,ZAMBON COLOMBIA,Zambon,,,false,False,,Droguería,30700,0,5108.0,1109,43,0,https://product-images.farmatodo.com/eFjtLnc_aQSxgGdelzey8eug-gEfqJJo_sGp_Kn-ehKfESZLkpJkOO9CU9qYW8gm-J9nV9KHQstPGPB1Rcccgp3sKuSdVRR--WyYAct05Q956mzU,2026-01-20T02:37:30.994045
299800992,7702057803292,Gastrofast Advance Sodio Alginato + Sodio Bicarbonato 250mg/133.5mg TQ Caja x 12 Sachets, ,TECNOQUIMIC OTC,Tecnoquímicas,,,False,False,Salud digestiva,Antiácidos y antiulcerosos,36350,0,5072.0,247,15,0,https://product-images.farmatodo.com/X5_xgGiBHxsf2IfNmaCAWWx80nPmryWxgStSbCeyHvNypL1Y_NzTXZ-NGBYTjzC5ZbC8ywzUb3NqSBzL42pfPDZuCbkr2RcCbqwVRbB4KjW7-aAC,2026-01-20T02:37:30.994060
296850468,7707772810754,Mieltertos Zero Pastillas Natural Freslhy Sobre x 4 und, ,NATURAL FRESHLY,Natural freshly,,,False,False,Tratamiento de la gripa,Dolor de garganta,2500.0,0,5026.0,1150,45,0,https://product-images.farmatodo.com/L9Lxk6-diAe4iJwFkX1WYI8Dq1R1iA8Uuw5WnFsU1dlK4tZ1nBRYWe2QUK3ZT67ueDp97IqYB9JazAu5BFLBWglEr5hsKjPVyz0ix2vOHM1jMRLGjA,2026-01-20T02:37:30.994412
233050210,7707397793029,Dolex Forte Acetaminofén 500mg + Cafeína 65mg Oferta x 20 Tabletas, ,HALEON OTC,Dolex,Acetaminofén,,False,False,Salud y medicamentos,Droguería,33450.0,0,4963.0,845,45,0,https://product-images.farmatodo.com/wxxI7JapJ3-v_b_X8_ZCxPfKoc6PpPrMPuQYgGPRTopW9LVOuiPEc-L6vgKEo_CxIIfXE18itkjkKw2BpwomnsxpEv8xiyRUHDJy7ZE-r96BPu2C,2026-01-20T02:37:30.994442
1049727,7702057612900,Ibuflash Migran Ibuprofeno +  Acetaminofén + Cafeína 400mg/250mg/65mg MK Caja x 8 Cápsulas,Rápido alivio del dolor de cabeza fuerte como la migraña.,TECNOQ OTC 2,MK,Acetaminofén,,,False,Alivio del dolor,Dolor fuerte,18050.0,0,4927.0,510,45,0,https://product-images.farmatodo.com/0c5nXOJWQPvI7tNPwau-7NM7el_hu4LILS4_LtTSgWp50o_wa6SsNoKAENlbS2SBXAhOreSBx2wqoFqjz-QrDwGnixq_5jD69PwyLnn7D5HgSg2NNA,2026-01-20T02:37:30.994462
1050624,7702771001561,Probiótico Enterogermina Plus 4000 Esporas de Bacillus Clausi Caja x 5 Viales,Enterogermina Plus es el probiótico #1 en el mundo que cuenta con microorganismos que benefician tu salud y sistema inmunológico al regenerar y equilibrar la flora intestinal afectada por los problemas digestivos o el uso prolongado de antibióticos. ,OPELLA,Sanofi,,,,False,Salud digestiva,Antidiarréicos y sueros,85500.0,72675,4920.0,704,43,1,https://lh3.googleusercontent.com/vZI3pdpCT-FOthKQPDJGubcr1I0gI2FpsmfIDuGDDW-9dEwQjvXnb7kGJJ7Y4uU1pW7CNcOcEqY2DF7oZq32X-vo8kLaJHK0ourgK4-Nw1gP1KOt,2026-01-20T02:37:30.994488
1002035,7702605101948,Naproxeno 500 mg Genfar Caja x 10 Tabletas, ,GENFAR S.A.,Genfar,Naproxeno,,false,False,,Droguería,10550.0,0,4866.0,519,45,0,https://product-images.farmatodo.com/GkmKQGwoS0pccebugLPavt-oQC0X5wodRLCaTPZGZcN57yGXbBjlES_fFROs1S8ohLQqhyhF0IeJhJDcIEvvpBHoAMIV5Y0ZbWQ,2026-01-20T02:37:30.994512
1014231,101803312,Amoxicilina MK 500 mg Fracción Blíster x 10 Cápsulas, ,TECNOQUIMICA MK,MK,Amoxicilina Mk,,true,False,Salud y medicamentos,Droguería,6250.0,5000,4842.0,1136,44,0,https://lh3.googleusercontent.com/QtkgNBWxxoaKHwlJsyWmSjnr-ZgEy2MBdQxF2YdzqDu2zBWbEPhiJM0Vz3UvH3sCfYALpmUofoGGmrabPE8ZP2k6xe8fJGIaqIMJ-y__ywBoq4o,2026-01-20T02:37:30.994528
215550974,7702004003539,Cerveza Club Colombia Lata Dorada 330 ml x 6 und, ,BAVARIA KOPPS,Club colombia,,,,False,Bebidas alcohólicas,Cervezas,19349.0,0,4827.0,626,45,3,https://product-images.farmatodo.com/5g-W1DdrlRcxAw50c9FstKkFeWiQXAXfNHyTgTteVAaE1uCt2ji-3-DVYtpyBr-sL969KjRTXibfzkpeCnfUbnDXhoAqnPUj9ShWiktSirlPvh4a,2026-01-20T02:37:30.994545
1012834,040000514510,Chocolate M&M Peanut Sobre x 48.2 gr, ,MASTER FOOD COL,M&M,,,,False,"Dulces, chocolates, galletas, tortas y helados",Chocolates,5450.0,4360,4779.0,1334,44,1,https://lh3.googleusercontent.com/FzlZb1DcZA8aL8VMYMh9aveSo6hP6BPbZbMUmbWymlBJULo55B0-dkksnaFvyqd1uwviweL0FTfMTZy8OTqwGlrtCNO0OJj9udKGYmDL5w8VYMeV,2026-01-20T02:37:30.994558
1041586,7506195100141,Vick Drops Limón Fracción x 5 Pastillas,Vick Drops Sabor Limón Refresca,PROCTER OTC,Vick,,,False,False,Tratamiento de la gripa,,2250.0,0,4734.0,474,0,0,https://lh3.googleusercontent.com/iNMf5okj19PUUvxRAW34G6eE5_NcoER7BN6Y4_aCBLOudhGeTNLAGn8xT6A4NJFzn6Jlw06YkwD0vA0Vm3o9CtS3vhxkI8a6P8oN_0kJ2Vdvip6JkQ,2026-01-20T02:37:30.994574
1024819,7506195126639,Vick Mentol Fracción Sobre x 5 Pastillas, ,PROCTER OTC,Vick,,,False,False,Tratamiento de la gripa,,2950.0,0,4706.0,420,0,0,https://lh3.googleusercontent.com/Qeqik_SMJSrYsRDuURI2cu0zc2xl2541jIqtj1eku5hRMQOR5fb2mz49NO_IZcvVSoaCPBjwgPIotDFaXMrKiSiXAW23S0U2U8I,2026-01-20T02:37:30.994587
291850469,7707397792626,Dolex Forte Acetaminofén + Cafeína 500mg/65mg Pague 15 Lleve 20, ,HALEON OTC,Dolex,Acetaminofén,,False,False,Alivio del dolor,Dolor fuerte,30400.0,0,4689.0,899,42,0,https://lh3.googleusercontent.com/j8VqpYCwevf623n_xmDNy7V6aHj-PaePshf3s_tc4F3-sXy_JZsBQGY5HYNKw9u1W1rahthK4IBRmf0ykqYI8vExSAXO6nm_lktMXuV7iaEvqJM,2026-01-20T02:37:30.994598
1034033,0300651431483,Systane Ultra Gotas Frasco x 10 ml,"Gotas lubricantes, promueve la estabilidad de la película lacrimal.",ALCON COLOMBIA,Alcon,,,,False,Cuidado de la vista,"Gotas, lubricantes y lágrimas artificiales",52300,35200,4680,109,0,0,https://lh3.googleusercontent.com/M3OSHwo0p_klzpjmt4Yn7QlaUbTyB35N9RAsDhhZ59OfUo3-gyjxLkSynvqUh41QL3XFYqjBtp9hdYtSYLiEB8F47X5BjMfQQYw,2026-01-20T02:37:30.994624
1000694,7702605103232,Losartán Potásico Genfar 50 mg Caja x 30 Tabletas, ,GENFAR S.A.,Genfar,Losartán,,false,False,,Droguería,22450.0,17960,4657.0,628,43,1,https://product-images.farmatodo.com/Hhbt6Q5gcoW-O2T39sqzHT-s929fOuit2XTqhgUukOWsIVQOYf1fOwtD2Zs0uO2rrAULjZCeHus5J0UE8lRf7E4irQeRXSn7HmrtYpIoWH_ayp1EKQ,2026-01-20T02:37:30.994640
276550468,7501125176487,Electrolit Suero Rehidratante Lima Limón Frasco x 625 ml, ,PISA OTC,Electrolit,,,False,False,Salud digestiva,Antidiarréicos y sueros,8400.0,0,4626.0,2478,44,0,https://lh3.googleusercontent.com/Zx6FdefVerWhpHdDpOrzb8-shGQALHaXUPogUJ0TWruHxaN_TnrZctu8YmqLjKMS49s0x7YwUE4skAfBsFizykywX02rRY4AothS6yR_dSpM-uaf,2026-01-20T02:37:30.994655
1046963,7702057010874,Hidraplus Zinc Cloruro de Sodio + Dextrosa Tecnoquímicas Sabor Cereza Frasco x 400 ml, ,TECNOQUIMIC OTC,Hidraplus,,,,False,Salud digestiva,Antidiarréicos y sueros,10950.0,0,4510.0,663,44,2,https://lh3.googleusercontent.com/rsp2SzQB_2BL3LhkTY8UjoGN9o-7-yFWS6jLSr6Vy1D_UcIfGQB1GbG6ygZL0YwsszpsxBXRer9SkHmrr1guPsAAKZD4EjPRP46Qq-FVdt9s3UK_4g,2026-01-20T02:37:30.994672
1021523,7702870002728,Postday 0.75 mg Caj x 2 Tabletas, ,LAFRANC FARM 1,Postday,,,False,False,Salud y medicamentos,Droguería,20300,0,4509,81,0,0,https://lh3.googleusercontent.com/pHp2tiUmB-cetj2R7hMHidG3vBE9dLQx0ru2P6RtLck3PzAfGQGM1W7daVMNSmchgtPx92gos3TTrsBSl9Vrf-z_mxwGZehFQyQTl7UwPzKNNjXI,2026-01-20T02:37:30.994684
1041587,7506195199992,Vick Drops naranja Fracción x 5 Pastillas,Caramelos sólidos con doble poder para refrescar la boca y la garganta.,PROCTER OTC,Vick,,,False,False,Tratamiento de la gripa,,2250.0,0,4499.0,297,0,0,https://lh3.googleusercontent.com/c25M_Sj-o_LPp61EPEPyLm_4zDr6CKIL6Vg_PLamTRVPhufs-Lhz8dT1IiwhISQoEYAZDiqO6Mh8Mx5gbpqroyZL9cxNKmI-TA_vx9fq3ZGQHTVX,2026-01-20T02:37:30.994699
221100195,7707397792503,Advil Gripa Max 400mg   Haleon Caja x 6 Capsulas, ,HALEON OTC,Advil,,,False,False,Tratamiento de la gripa,Resfriado y gripa,16100.0,0,4421.0,701,45,0,https://product-images.farmatodo.com/ZlXWin_RRK4KVieYIsf5Xok7D2bLLHApG8z-UvsyI4t3NjfhY0eHFc529O4NZMqxrTn-quqQi4GpmBXkgTb8eBlgYWD6KzZyy7a9gh9eb-VF3cCK,2026-01-20T02:37:30.994713
1015554,7703363006346,Dolex Forte Acetaminofén + Cafeína 650/65mg Haleon Caja x 8 Tabletas,"Dolex Forte Alivio del dolor fuerte, Rápida absorción 8Tabs",HALEON OTC,Dolex,Acetaminofén,,,False,Alivio del dolor,Dolor fuerte,15350.0,12280,4387.0,760,0,0,https://lh3.googleusercontent.com/lnW8LhCci0BggKW5_VXneDPjc4MQ1Fgj7U7BSm-XvN44WOYULLm8RQqX7Ic8nBel3LYEVsgIWuSG-npbGVjm7kgJRioOoXlfw8e_5Klm0hJKBbyP,2026-01-20T02:37:30.994728
220350037,7702057804466,Sal De Frutas Lua Plus Caja x 6 Sobres, ,TECNOQUIMIC OTC,Lua,,,,False,Salud y medicamentos,Droguería,15600,14040,4350,196,0,0,https://lh3.googleusercontent.com/hY-TkqMLkeeQZX03i-qwtG-C1fjESvAdnT1Z5xo_o8Ixu5MmJEDle9xvxVciXgHCfVspHguDenMQxy4NRcPSMbCtgPDSxzXnvxR1bHjMI26pVF8,2026-01-20T02:37:30.994741
240600072,7702057015428,Hidraplus Suero Oral Zinc Sabor Manzana Frasco x 400 ml, ,TECNOQUIMIC OTC,Tecnoquímicas,,,,False,Salud digestiva,Antidiarréicos y sueros,11750,0,4295.0,208,15,0,https://product-images.farmatodo.com/2qBx57kc8-ycYObOCpUy8-ECF5RqVOJbGiy_cW4eah3BI1LLjbNz8pEhFcKaQJ2yZOr-UlrGWX-gimMoA36rMVeUm3-CGnzeiin9k832GnHovMv-,2026-01-20T02:37:30.994795
1054489,7501125176494,Electrolit Suero Hhidratante Manzana Frasco x 625 ml, ,PISA OTC,Electrolit,,,False,False,Salud digestiva,Antidiarréicos y sueros,7950,0,4244,447,0,0,https://lh3.googleusercontent.com/RpvWFk4gig5LKTe3CP9JyjKqKy2mcJeAtblvNa42yjymABvzsd7-eO7H8W9qKyCvrmb340b4SbgB7_js1qsrKQfJdJduNmcQx73UK3c9weD_15cv,2026-01-20T02:37:30.994825
221800010,7702354949433,Tratamiento Capilar Nutribela Reparacion Intensiva 15 Sobre x 30 ml,Tratamiento capilar con complejo Nutribela con 15 reconocidos ingredientes que  reparan intensamente el pelo dejándolo suave y sin enredos.,QUALA S.A.,,,,,False,Cuidado del cabello,Tratamiento para el cabello,1950.0,0,4234.0,897,44,0,https://lh3.googleusercontent.com/3wM28lF3CmYJ-rcDlYrDWX6NNIIQEL08dNx9zOnH_tvdeBho5hUhSK5fWV7DbX4A3YiqpI6Eg3deuXH-uF2HA7kMbubR7S2v4oJcjU-8-CjvGMfM,2026-01-20T02:37:30.994845
256100021,7706263202627,Pax Noche Limón Fracc Sobre x 6 gr, ,EUROFARMA OTC,Pax,,,False,False,Tratamiento de la gripa,Resfriado y gripa,2450.0,0,4227.0,1890,44,0,https://lh3.googleusercontent.com/xMfnQ6IBLN5ujEN1F6ZlFB-FeP2XjtOv3tkz__zIwqQUf83mQ57azOzi-64GmCc1IetPLvd740-qpogpx5kdtrMIN-tuhQswVMOSIiS3a8gy10Lt,2026-01-20T02:37:30.994858
1033549,7702132008444,Advil Ultra Ibuprofeno x 10 caps,Dolor de cabeza.,HALEON OTC,Advil,Ibuprofeno,,,False,Alivio del dolor,Dolor fuerte,21600.0,0,4195.0,779,45,0,https://product-images.farmatodo.com/ghLsr9j6CpUx21ZOTtItzIROS3ooIS7KpzGaPiZOqxyvFIh7iKfXRisHLQAueXCDMKxrjP1WB4e05PLAxA7HErEQh8ZkMFKgFkKz1uL5fpi2EdC4,2026-01-20T02:37:30.994878
1004009,8888888888160,Ibuprofeno Genfar 800 mg Fracción x 10 Tabletas, ,GENFAR S.A.,Genfar,Ibuprofeno Genfar,,false,False,Salud y medicamentos,Droguería,3400.0,0,4190.0,822,44,5,https://lh3.googleusercontent.com/hwWS2cGrf-hSVVX4_DsGdp2IbU9E5iLyINUKd2xr4e8ZuyMAwKFY4Z0SFamTD43MJNT5JHjpxZI2THk4jABfRXKT7xMYJDCGIg,2026-01-20T02:37:30.994889
1060964,7703202221336,Buscapina Compositum NF N-Butilbromuro de Hioscina + Acetaminofen 10mg/325mg Caja x 10 Comprimidos,Suave con tu estómago y puedes tomarlo ante la aparición de las primeras molestias. ,OPELLA,Buscapina,Acetaminofen,,,False,Alivio del dolor,Dolor abdominal y cólico,23750,0,4186.0,138,15,0,https://product-images.farmatodo.com/7-DA-ICyJ9y4jxTK1ACV2zv-kzqU1D4mfhuZ0VMl5ZnwUEgfOzhLvi88NWoKuBjBkjhNyVBackrsX0OS7AKWTj87JHW91_GuqzK0819ubrxlf4Se,2026-01-20T02:37:30.994902
216400100,7702057732905,Acetaminofén 500 mg MK Caja x 16 Tabletas,Alivio confiable y efectivo del dolor y fiebre.,TECNOQ OTC 2,MK,Acetaminofén,,,False,Salud y medicamentos,Droguería,11950,0,4185.0,145,15,0,https://product-images.farmatodo.com/TnXjdslxr6t55EEUpgPnHnid9HO5VJxPGNws0_Lg-TKBLHgNkr0kueYSNSYa5tsc3Xiyp4zD7JVF-8qe6zzciLQcQ4ZpdBUASZ6WxySzNhSeLIE,2026-01-20T02:37:30.994913
1041386,7703153022693,Gestavit DHA Multivitamínico Procaps Caja x 30 Cápsulas, ,PROCAPS FARMA,Procaps,,,,False,Suplementos dietarios,Multivitamínicos,87950,0,4178.0,52,15,3,https://product-images.farmatodo.com/L9q-y6iM_nGMahxqXPtgk-OT2fs_pIXsOTk9rQNf8pvw1Ra0QeF9UsVN2i3VhApnDkqdezuoGh8MMHoUJMce9zizF3tYbqEXQR3OozxShPIMXWm2,2026-01-20T02:37:30.994928
1033409,7702870004425,Bellaface Dienogest + Etinilestradiol 2mg/0.03mg Abbott Caja x 21 Tabletas, ,LAFRANC FARM 1,Abbott,,,false,False,,Droguería,16550.0,0,4159.0,292,42,2,https://lh3.googleusercontent.com/p-CqK160FmtPxys4oeL1Rg8FzdMSztHPisQ5lHQ_7DUhhgo9OG3ABJ8APUBkeU7_xq10JDOPmp1SgvUMPptQb6BV8EzeHygttzw,2026-01-20T02:37:30.994941
1003702,7500435107013,Vick Vaporub Ungüento Frasco x 50 gr,"Vick VapoRub es un ungüento que combina mentol, eucalipto y alcanfor en un suave bálsamo, que ayuda a descongestionar las vías respiratorias, calmar la tos y dolores musculares ocasionados por el resfriado.",PROCTER OTC,Vick,,,False,False,Tratamiento de la gripa,Descongestionante,17950,14300,4135,55,0,0,https://lh3.googleusercontent.com/r7-pdY57Ntic681jkuhEmTBZb_MSPq5aUsupcc13mSXLj5A5sSzgN5LIWnQOLFnWikGbhPg2oKTNOhuHO62mkvEAIE0A_-QL5PLwOWoCW6t5KwsXXQ,2026-01-20T02:37:30.994967
1032440,7795312100090,Allegra Pediátrico Fexofenadina 30mg/5ml Sanofi Frasco x 150 ml,"Es un antihistamínico de rápida acción que alivia los síntomas de la rinitis alérgica y la urticaria crónica idiopática en niños. Reduce rápidamente las molestias de las alergias como los ojos llorosos, picazón de ojos y garganta, estornudos y flujo nasal. Es un medicamento de fácil dosificación",OPELLA,Sanofi,Fexofenadina,,false,False,Salud y medicamentos,Droguería,85150.0,68120,4131.0,787,44,0,https://lh3.googleusercontent.com/k6nCKPaqKaOofN_raKbrC2m6g3VcYRbOFY5vBJJwasudHNzzLPMy-yLcamJn9jsY340-LUsMq6K_uxE8HHNUKPsvQTTV_N600kwWQWGl7esrA5Ea,2026-01-20T02:37:30.994989
1030531,7702057802431,Bonfiest Plus Caja x 6 Sobres,"Bonfiest Plus,  alivia dolor de cabeza, rebote estomacal y malestar general.  Alivio completo en una sola dosis. Polvo efervescente. ",TECNOQUIMIC OTC,Bonfiest,,,False,False,Salud digestiva,,19950,0,4102,19,0,0,https://lh3.googleusercontent.com/KL1R_rxxE2vQoa1HVpA1878kfIDTRzk9E6D4eL4lMtl30GR0EyyqPo_R0qg7j3ARPMBpo7y_Xg7slYi1ajFY38cIfukiLNFyAGrfUWQoetQiCaVk,2026-01-20T02:37:30.995004
224800040,7702057803278,Gastrofast Advance 10 ml Sabor A Menta Caja x 10 Sachets, ,TECNOQUIMIC OTC,Gastrofast,Gastrofast Advance,,,False,Salud digestiva,Digestivos,26500.0,0,4042.0,1179,0,0,https://lh3.googleusercontent.com/7TtoeW_urDoVgscZKWjVnWfbUwaosGoby0tidemZxsjE6BtgfFU13_Iulr47J6nXFoCGSRe5TV9hJe-XxPSoTDBVpEdohbnN_m-fU-yUnPkkr6M,2026-01-20T02:37:30.995014
1048535,7703363006100,Dolex Activgel Acetaminofen 500 mg Gsk Caja x 24 Cápsulas,Dolex ActivGel Rápida acción y doble tecnología X 24 Caps,HALEON OTC,Dolex,Acetaminofen,,,False,Alivio del dolor,Dolor general,39450.0,0,4037.0,648,45,0,https://product-images.farmatodo.com/3anDtsZuHGgghQFJYR9kMJ_zK2jiTDnIZ7npm99KpB6L3ZRjvPHX9LXy_hkWgX4gqiHkkpOT_hUpG_USYM3yb4ODDfai0Al0LZd2ZUkcSDOQOWfK,2026-01-20T02:37:30.995027
1033931,7702057162399,Noraver Garganta Benzocaina + Cetilpiridinio 10mg/1.4mg Tecnoquímicas Naranja Caja x 12 Tabletas,Antiséptico y anestésico bucofaríngeo que elimina bacterias que causan infección. Alivia el dolor. Suaviza tu garganta.,TECNOQUIMIC OTC,Noraver,,,,False,Tratamiento de la gripa,Dolor de garganta,23550.0,0,4024.0,375,45,1,https://product-images.farmatodo.com/WnknXh6Lkhk1RE-pxN5lE3ZU3ZyKZNyYshhBKJeYsJ9Vdbdxz93a28XXw_kCB0IvQ0ymIr0TwV3V2L0W_3CglXv8Zn2BVpKch1TBKyy-ERx1CMI,2026-01-20T02:37:30.995046
1015519,7940489,Acetaminofén 500 mg Genfar Fracción x 10 Tabletas, ,GENFAR S.A.,Genfar,Acetaminofén,,False,False,Alivio del dolor,Dolor general,2950.0,0,3984.0,3415,42,4,https://lh3.googleusercontent.com/1NQ49g_WJuTKzwpKKkMqQ7kAUZZIu3foWKOJuosGEYjitjcf-WRG8lD81CHlvTARCmGsQxb1OZzMXwjHSoZUHDTopa9H-X2NAkRvTTDL4YbvnSw,2026-01-20T02:37:30.995056
223850096,7702123012085,Redoxon Total Vitamina D + C + Zinc Bayer Frasco x 30 Tabletas, ,BAYER HEALTHCAR,,Vitamina D,,,False,Suplementos dietarios,Vitaminas,51900.0,39100,3980.0,666,43,0,https://lh3.googleusercontent.com/srq7B4uqygScOy88QFpH_DHyusTkMBuYI-5WgizmWy_I9MelxTjYbM092D-yYX9lV_WK14w7fsITJIdebVu0lXpELEReoB3XFe3r5_HCXPFXld5n,2026-01-20T02:37:30.995069
292750478,736085418422,"Nazil Advanced   Clorhidrato De Nafazolina/0,02 Sophia Frasco x 15ml", ,SOPHIA,Nazil,,,False,False,Salud y medicamentos,Droguería,26400.0,21120,3969.0,276,44,0,https://product-images.farmatodo.com/15MQU8CytuCSU-TjjQUvV9YlQMSpA3o4fyaIvA8sJeGYi771rnrKcNE-yXnTtCLRqmLpr_wdJW-iE35cdWVxvgu-uLoEpRIIJkvyefWf3_uYbmlp,2026-01-20T02:37:30.995616
227700052,7702090013061,Jugo Hit Mango x 200 ml , ,GASEOSAS LUX,,,,,False,"Aguas, gaesosas, jugos, tés y energizantes",Jugos,1450.0,1087,3900.0,0,44,19,https://lh3.googleusercontent.com/90D0rznwdzpJnxyY-3oC7MPgnGWCYR8YpXFrOb0DzTW_e9BrCrENDXOh0UVgyi-t7HrQfXd275GuaA6_cFEMqyf7SbkOcjcQ9qwH5clU7IQNqRk,2026-01-20T02:37:30.995653
1056960,650240032592,Next GL Gripa Ibuprofeno + Fenilefrina + Cetirizina 200/10/5mg Genomma Caja x 8 Cápsulas,Next alivia hasta por 12 horas todos los síntomas de la gripa. Ibuprofeno + Fenilefrina + Cetirizina.,GENOMMA OTC,Genomma,Ibuprofeno,,,False,Tratamiento de la gripa,Resfriado y gripa,17050.0,14492,3832.0,142,15,0,https://product-images.farmatodo.com/ga3-scyFZQMhzxYRKaIkq8eqhVdX9qqN-QG1VKSieRkBSxwgrGOKfgazDGfX4pWjVjWR24cDZ1Zu6LCN-xIk5GHP0Yse13QJLx_Ts9aeXH9qJ0LI,2026-01-20T02:37:30.995680
286850464,6932159606632,Gel Para Cejas Melu Brow Con Cepillo x 8.3 ml , ,RUBY ROSE,,,,False,False,Ojos,Maquillaje cejas,18500.0,0,3736.0,219,42,25,https://lh3.googleusercontent.com/I-pP5mU8rfmT-tRMFOcA0Naynuad6-EaQFzAepuV0EsE2hxo8KxeTDB3cH8XM-9NeS9EppBYF3PESYxWcOZiBLCp5gULmF4HdPFLd49ZTTIRoebZ,2026-01-20T02:37:30.995697
276400566,7501125132056,Suero Fisiológico Cloruro De Sodio 0.9% Pisa Frasco x 500 ml, ,PISA FARMA,Pisa,,,False,False,Salud digestiva,Antidiarréicos y sueros,3500,0,3686.0,368,44,1,https://lh3.googleusercontent.com/VUNWWhOzgvy-ULt39nP0_4Vjp_pw7MSkCEDNMrHBxi_eFuGxoeomI4IXUFFASE1sdep2Y7O1sT8HX3H1z2qZxRmv3-6kAu3XPI8EDamcFrrBEr8,2026-01-20T02:37:30.995713
1034751,736085132069,Nazil Ofteno Nafazolina 0.1% Sophia Frasco x 15 ml, ,SOPHIA,Nazil,,,false,False,,Droguería,22200.0,0,3680.0,400,45,0,https://product-images.farmatodo.com/KtQiTcamuSUNtso_qy3AEVMP6mhJVnQ7_wN-eBTpELSVRbMQWfX_9coKAdvqjIMQyd976EJlw2Silyz361F6mA3fymWeBx_Rt3ilWJ7hvy_wLGo,2026-01-20T02:37:30.995726
216400126,216400126,Acetaminofén 500 mg MK Fracción Blíster x 10 Tabletas, ,TECNOQ OTC 2,MK,Acetaminofén,,False,False,Salud y medicamentos,Droguería,6000,0,3654.0,226,15,0,https://product-images.farmatodo.com/UuLBydwOhK40OOg064jGpS7HM09Wdu7xgBd91RSaNzu9JLhUwYj-qF4u4E17VcK5H-g50VslgxkEARz52dK7kT9oUU1viVCiicCVLq7h6gvlmnBR,2026-01-20T02:37:30.995741
256600288,7702011134134,Chocolatina Nucita Tableta x 20 gr, ,COLOMBINA S.A.,Nucita,,,False,False,"Dulces, chocolates, galletas, tortas y helados",Chocolates,1350.0,0,3638.0,855,44,0,https://lh3.googleusercontent.com/NVkhiqprsaEaSe1rWTX16jEk6EBmd7sC3nTTqoODOLIaZVUQgCLpd5SX-_pP3cYqoA5SY8ZuJwTXRbhOWNo_GYk1Me4jJPg2muRvRdQHWkiY59I,2026-01-20T02:37:30.995755
1050985,7501073086128,Jeringa BD Con Caucho 3 ml x 1 und, ,BECTON DICKINSO,BD,,,False,False,Botiquín y primeros auxilios,"Jeringas, guantes y material hosp.",850.0,0,3573.0,0,0,0,https://lh3.googleusercontent.com/lAcZrwrXseJTxVGxkD4hTFbFdv0SZ7XC0N2flJuF0Q6F1cu2ZmhRZYjx5cwyCDHRYvCZrNEZa51djr4KCIwC8vHmR9bFwKOWAC8z,2026-01-20T02:37:30.995775
1033587,7706127006347,Pax Día Acetaminofén + Fenilerfina 500mg/10mg Sanofi Caja x 6 Sobres, ,EUROFARMA OTC,Sanofi,Acetaminofén,,,False,Tratamiento de la gripa,Resfriado y gripa,16600,0,3573.0,405,41,0,https://lh3.googleusercontent.com/pkCe8bGDYMbGASKNm8xGXxF8Z3eyGBnyaUOy-94ET5Z-CuRtINeuF6UM4goUlDt77ZI2dtVPzTmIKt7aOmpykBxpYiCzpsAvARpQe2ggnJYia68,2026-01-20T02:37:30.995817
1021269,7702057074845,Desloratadina MK 5mg Tableta Caja x10Tableta                          ,Desloratadina Mk 5mg Tableta Caja X10tableta,TECNOQUIMICA MK,MK,Desloratadina Mk,,false,False,Salud y medicamentos,Droguería,39250.0,0,3544.0,340,42,2,https://lh3.googleusercontent.com/kdePC6-q8-ZNVJZAyiUqJoWk_r60x1OSBRYForERiSPA97Aw61BFy_tGxmcWW88C-j9o6IcbnLBl4keHoS67t5uVX8pqSNC1wqrc,2026-01-20T02:37:30.999733
266700282,77077177978639,Solhidrex Sales de Rehidratación Oral Cereza Sanfer Sobre x 20.7 gr,Solhidrex sabor a cereza.,LABINCO S.A.S,Solhidrex,,,False,False,Salud digestiva,Antidiarréicos y sueros,2300.0,0,3532.0,1045,44,8,https://lh3.googleusercontent.com/xZYegFuFWhyo4DTUX7oz0hlYimM2OCFBOABjcEqyuymKD1Ufq3TA3TvA_VjDcsI-3Z3SYWTSoXZkv-Ens0ELKUaY7TXD67Zh7_66IkNKfmz860qk,2026-01-20T02:37:30.999929
1050692,4250587739084,Pestañina Essence I Love Extreme Crazy x 12 ml x 1 und,"Textura negra, cremosa cubre cada pestaña de forma individual y su cepillo extra largo da un volumen increíble.",PREBEL ESSENCE,Essence,,,,False,Cosméticos,Ojos,16950.0,13560,3531.0,218,44,7,https://lh3.googleusercontent.com/SFxaUDGbPTwt-9j5ac7r2E6ac5Y2_Ul4_z0G27eujbRQeHztp6p4RioOP2BJ9sRe9L3OMZPxKGOQEXyWObMUv-PdLzgXV3VqsX8,2026-01-20T02:37:31.000008
231050013,7701684055333,Crema Antipañalitis Almipro Ungüento x 60 gr, ,SANJORGE BIC,Almipro,,,,False,Higiene del bebé,Cremas corporales bebé,19350,0,3498.0,160,15,0,https://product-images.farmatodo.com/EXHfCNfHcLU0ARZr2WkfD_d8n5PC6xBzi29g2Dbk6D_6_jN3whP-cQb9Wpe0Z1G__Nsxz-hg6drct1LEAorTCC0A8W1UvwPWQIaskg5CpQByfzydRQ,2026-01-20T02:37:31.000258
103461766,7702098039902,Gasa Estéril 3M Nexcare Caja x 12 Sobres,Gasa estéril súper absorbente que detiene el líquido de una herida mientras que la protege de suciedad y gérmenes. No se deshace ni se desgarra además es transpirable.,3M COLOMBIA,Nexcare,,,,False,Botiquín y primeros auxilios,"Curitas, algodones, adhesivos y botiquín",11000.0,8800,3496.0,200,44,8,https://lh3.googleusercontent.com/kNyfpvrq-VocbHV2MwkABuWQedg5_WsceFLDrJu-IklN29eGQWVfqQTkD_7AhoTtM9EPvIBx7mZjgall9-9vNQjukZgH3YBkTNI,2026-01-20T02:37:31.000284
1002735,7702123006763,Alkaseltzer Original Ácido Acetilsalicílico + Ácido Cítrico 324mg/1000mg Bayer Caja x 14 Tabletas, ,BAYER HEALTHCAR,Bayer,Ácido Acetilsalicílico,,,False,Salud digestiva,Antiácidos y antiulcerosos,20750,0,3468.0,182,15,0,https://product-images.farmatodo.com/CeKQOK0LuO7VRsRA82X3CwBJU5sN_diTsgsXLhGxmdX5xR1sxZp3XzTtVdev_-nzwwpRcUv1n0lTwszzb-WAMdwUL57AZMK7-h1ZJpHj43lUEArj,2026-01-20T02:37:31.000325
256050052,7706263202603,Pax Día Naranja Fracción Sobre x 6 gr, ,EUROFARMA OTC,Pax,,,False,False,Tratamiento de la gripa,Resfriado y gripa,2450.0,0,3464.0,1915,44,0,https://lh3.googleusercontent.com/CZzVnLB7qGUsGHr6AuCIlwoa0lwLsnkMDi5Q_T5CAhv3-QtmNVc5eHWUAsPFLvqN9uXFsNQBskGfTMcvyJ6EqCSzcrujIycYDKZ3y3k0mJK6J8s,2026-01-20T02:37:31.000347
227100233,1234561100025,Dolex Avanzado Acetaminofén 500 mg Haleon Fracción Blíster x 10 Tabletas, ,HALEON OTC,Dolex,Acetaminofén,,False,False,Alivio del dolor,Dolor general,8900,0,3463.0,319,15,1,https://product-images.farmatodo.com/Y6O9E1YJV99bXqVPIy1B5rVAU0NvVTeHSH9wUa08RutV5TsetrTcUw2I8s9NajfptxPjZFph_bcXyaqleMgrIjZLZTuf_HUnXuErwNe30qNQ6zI,2026-01-20T02:37:31.000361
1048569,7702057841171,Bonfiest Plus Fracción x 1 Sobre, ,TECNOQUIMIC OTC,Bonfiest,,,,False,Salud digestiva,Digestivos,2550.0,0,3460.0,4198,44,0,https://lh3.googleusercontent.com/D-WHq3nvLAtlMJbBsiQSNqJNUJSRPrPMiQR78XHlpPazYHEYR83-vaTSgDV_RPwTNxyt4Ooz0M0dHB6cOZo3wo0-6mmMBZmblOFvThVB4ztjmeZD,2026-01-20T02:37:31.000375
1002514,7702057073985,Loperamida MK 2 mg Caja x 6 Tabletas,Loperamida Mk 2mg Tableta Caja X6tab.,TECNOQUIMICA MK,MK,Loperamida Mk,,false,False,Salud y medicamentos,Droguería,11450,0,3457.0,105,15,1,https://product-images.farmatodo.com/A1SbUyG-ok4oKp_h52JmkYZFJcUUCCZg4QQuhtybDX7Ch_uzRRV9uU_Sw8kV_8pLtJ2vMrwW9zm52_Md2eQpTkhLP30Is2pKdVid,2026-01-20T02:37:31.000391
274750685,751273783052,Healthy America Super Magnesio 400 mg Frasco x 100 Cápsulas, ,HEALTHY AMERICA COLOMBIA SAS,,,,False,False,Suplementos dietarios,Minerales,71500.0,0,3443.0,351,43,0,https://lh3.googleusercontent.com/qtvGHjTSp9qyRQ2VNgDwBmfo03JZA-YloTYrSjFnyj1_zpfEUrzjhSOxhxKGJFeqmccqKmf0Um_avommbEG-eHu570K0xlk0p7U42h-JU8cdUFsj,2026-01-20T02:37:31.000407
219350030,7701684000135,Crema Antipañalitis Almipro Ungüento Frasco x 500 gr, ,SANJORGE BIC,Almipro,,,,False,Higiene del bebé,Cremas Antipañalitis,63100.0,0,3443.0,383,45,0,https://product-images.farmatodo.com/I0OHWHoVXPsCs-ZxPTypEKZjijwVIz_uvHsAIwOiyyG6_Z1achSDhkOk5TCAjkrctyVhoJbAkXnKXBbjuu0JMhKjQVR03kzXb1l6YpTeFXRUqPY,2026-01-20T02:37:31.000422
1047974,7702870071465,Bellaface Dienogest + Etinilestradiol 2mg/20mcg Abbott Caja x 28 Tabletas, ,LAFRANC FARM 1,Abbott,,,false,False,,Droguería,16550.0,0,3434.0,257,42,2,https://lh3.googleusercontent.com/M27jAnt8jYMv7QeR7WE4Vs8fyaNRhI-5gjAsGcgcryWqnGn8GxG4WALrQv39n2MYEefrbFbN28oN3zcpLPqVeynFW9xcr7wnswg,2026-01-20T02:37:31.000447
1015423,7702418004689,Cebión Vitamina C 100 mg P&G  Multisabor x 45 Minis Tabletas, ,P&G Health,Cebión,Vitamina C,,False,False,Suplementos dietarios,Vitaminas,14200.0,0,3404.0,0,42,1,https://lh3.googleusercontent.com/5u6YF8zjwr49Nl6tkGJjsUU3KGiDvZoTploVBpEZvRRx--6COOvI_s3dnFKeBEzPs2lXW6iAwTvOTKj2QVAcb30FYA7KRohD_aok89_QEZpHOsY,2026-01-20T02:37:31.000465
266700303,7707177974846,Solhidrex Sales de Rehidratación Oral Uva Sanfer Sobre x 20.7 gr,Solhidrex sabor a cereza.,LABINCO S.A.S,Solhidrex,,,False,False,Salud digestiva,Antidiarréicos y sueros,2300.0,0,3340.0,1385,44,6,https://lh3.googleusercontent.com/p_FMMQrQYXOn98wrJJ9vBFdmmxmjI6LCAEmEBJP7RwCe1Mc6R8YSU2gc_kw6VqyR1jZEdji5XrubtC8k6BL8NMxI6VqG_MpAtCaxcRfVQLKpv15i,2026-01-20T02:37:31.000482
1027555,134676853,Smecta Diosmectita 3.76 gr Fracción x 1 Sobre, ,LAFRANCOL C.H.C,Fracción,,,,False,Salud y medicamentos,Droguería,8150.0,0,3315.0,2035,44,1,https://lh3.googleusercontent.com/juHiwtSZGoPv5NiOcR8PqL3T40jV--M_mbxQuWjx-N0_ckxa-Mb337pkf8s0SmeCvnCi9t5jr88g11YKbc9eCf9fuDsYWwSmaAPKlajFXwsGRO3d,2026-01-20T02:37:31.000496
229150058,7702090049435,Bebida Hatsu Té Surtido Tetrapack 200 ml x 6 und,"Las sodas, tés y snacks Hatsu son ideales para todo momento. ",GASEOSAS LUX,,,,,False,Bebidas,Té,11350.0,0,3310.0,440,43,6,https://lh3.googleusercontent.com/P5BoquGR4uUYW0L59fS0x8O7RX8n_3T1u3goeeNp43UKFpqFGMlj7PKLrH1pxzeekPqALRfjwAYmDMVkf23Pc5OI5CmNpJWJmtnXM2F3g7dPOMDT,2026-01-20T02:37:31.000513
1004473,7705326070258,Ponqué Bimbo Kekito Gotas De Chocolate x 50 gr, ,BIMBO GENERAL,Bimbo,,,,False,"Dulces, postres y confitería",Tortas y ponqués,1950.0,0,3301.0,529,44,6,https://lh3.googleusercontent.com/vV1yjjP6WH4lZhe0HqiLIsP8aAQPcWHpfPXTZ_-kYTk5fU8SJC34RQ9_yV5N4RrZ-Dfjq2IUVf90f9hlFYjeMcv3g23dCBI14CEvPDBL-d___l6Xag,2026-01-20T02:37:31.000526
211800163,7500435246453,Pastillas Vick Drops Sabor Jengibre Refresca P&G Sobres x 20 und, ,P&G Health,Vick,,,False,False,Tratamiento de la gripa,Dolor de garganta,14050,0,3296.0,549,15,0,https://product-images.farmatodo.com/-0vuIzjo5KZjWc7AVrcsSEoYq7lTpV1i_zpqaYGYXmWxanqF1s3lTKqenkMbXMUBlvWsnuR8wZ47WErUkBDlTJvX_4g6lCQQ0be9P3mREDFAy5M,2026-01-20T02:37:31.000542
1001320,7702418004351,Neurobión Vitamina B1 + Vitamina B6 100mg/100mg P&G Caja x 30 Tabletas,Deficiencia de  vitaminas B1 y B6.,P&G Health,Neurobión,,,false,False,,Droguería,51750.0,41400,3278.0,471,44,0,https://product-images.farmatodo.com/1BhUn8dHrF3d1OgDo9xFN15ZBbsdvAf5pTiMe8MqpY9rVQ97fXLj05ogTaFa15bzSlXjhq6gKT8kWRpBU7VkGYOWJyvQCwKCA3r7Se9MFrJH2ec,2026-01-20T02:37:31.000558
1043315,7702123006916,Apronax Liquid Naproxeno 275 mg Bayer Caja x 8 Cápsulas, ,BAYER HEALTHCAR,Bayer,Naproxeno,,,False,Alivio del dolor,Dolor general,18950.0,16100,3273.0,73,15,2,https://product-images.farmatodo.com/TrsEzEGW5XqrJKmnF5FYmgIh6ZKmtsPdwsf54TDxU16YykeJj2HNTIYnC3008oKtDIMqPsrZct-i1QY8-yooWqyRgIraQVUq2E_RL-UtsmX_j1GF,2026-01-20T02:37:31.000571
219550111,154767952,Acetaminofén 500 mg AG Fracción Blister x 10 Tabletas,Este producto requiere fórmula médica para su compra,LAFRAN AMER GEN,AG,Acetaminofén,,false,False,Salud y medicamentos,Droguería,2150,0,3254.0,828,15,0,https://product-images.farmatodo.com/vyHQIzwDmaMPryWb0a1Q75OeHkhUD-GeE1HCn3qt5mv4EVCWaea67-5N5h95NuxvUaosSjh33ZIjhIwpVHTyaYMXyA8SSzVbKUZ7JnN055WxUHRZ,2026-01-20T02:37:31.000585
1012431,7702057162405,Noraver Garganta Cereza Benzocaina + Cetilpiridinio 10mg/1.4mg Tecnoquímicas Caja x 12 Tabletas,Antiséptico y anestésico bucofaríngeo que elimina bacterias que causan infección. Alivia el dolor. Sabe delicioso.,TECNOQUIMIC OTC,Noraver,,,,False,Tratamiento de la gripa,Dolor de garganta,23050,0,3244.0,315,41,0,https://lh3.googleusercontent.com/Vid06bAw6vnkKWYdiQ5TN4nHq7orYojG736styTI518IIlx_IK1yioFeeAsifXINksf6jRJdNM_Ut79dlKHGp1dimJmSKf1n0xbahsHe3FVtue6j,2026-01-20T02:37:31.000621
1000022,4104480705151,Abrilar EA 575 Hedera Helix Jarabe Frasco x 100 ml, ,MEGALABS,Megalabs,,,,False,Tratamiento de la gripa,Tratamiento de la tos,39950.0,31960,3243.0,214,44,2,https://lh3.googleusercontent.com/tzmxEFC5s4OBrCnqpwhUoQ1a9OYurVZmYmUczwuHNB9DfUhFzFvyIVKPdXOGXs2lzRRUjVH1v-EMKJyXN4WaC3opp4df_ap0nnpXmiHuPyVRjRY,2026-01-20T02:37:31.000638
268750451,7708645768998,Bénet Colágeno Hidrolizado Frasco x 60 Cápsulas, ,NUTRESA FARMA,,,,False,False,Suplementos dietarios,Colágenos,25500.0,0,3240.0,1096,43,0,https://lh3.googleusercontent.com/DYs3WiN9F4TzvAB_QR0HVcBZTIRzlgqjJ3_-Sapnvury_-sNIQmKVSCd1eCflAwuzYJVkrsBKMI6ffB4ylru4lUlAjMhqpEKeAi7AJXe_KYlNNuk,2026-01-20T02:37:31.000652
1040821,7702132010959,Advil Gripa Ibuprofeno x 10 Cápsulas,Efectiva combinación para el alivio.,HALEON OTC,Advil,Ibuprofeno,,,False,Tratamiento de la gripa,Resfriado y gripa,20500.0,16400,3240.0,384,44,2,https://lh3.googleusercontent.com/f1ZZzNlpegkt1VQkrZGO0XNmJw_Rx6gKzRLlrPKO1T5rR3DgXm1kx8OcC5UISMf_G_1q4MUbDZsGfJa80vrmfR3aaccfEBGIJvsW0wFMPzIaYjC4fg,2026-01-20T02:37:31.000674
220450548,20484374,Ibuprofeno AG 800 mg Blíster x 10 Tabletas, ,LAFRAN AMER GEN,AG,Ibuprofeno Ag,,false,False,Salud y medicamentos,Droguería,2950,0,3233.0,1211,0,0,https://lh3.googleusercontent.com/aylY-m6xRrpld8iJ-8Y1Z3zBUvWYDYyHygzTULK5SWG_dkI6lV-8QE1LK2zAwQL_59pyMlSF5ysMIdaZ-ubzmqtbf23lwEm4Eavw,2026-01-20T02:37:31.000698
275950460,7702605107360,GripNoche Acetaminofén + Fenilefrina + Clorfeniramina 500mg/10mg/2mg Genfar Fracción Sobre x 6 g, ,GENFAR S.A.,Genfagrip,Acetaminofén,,False,False,Tratamiento de la gripa,Resfriado y gripa,2200,0,3220.0,500,15,0,https://product-images.farmatodo.com/K7ng-bwgW9NyHzNo3HVCHhhZWpDA54YGxF-81HX4yIZjIQRMp6f7ROs0MsEaTv57gw6MJto8UBBcAWaCZO16ORL6PiXgs7xtV5xW7hY_aA5zWTo,2026-01-20T02:37:31.000722
1030753,7703445030146,Fluimucil N Acetilcisteina 200 mg Zambon Caja x 10 Sobres, ,ZAMBON COLOMBIA,Zambon,,,false,False,Salud y medicamentos,Droguería,17950.0,14360,3210.0,426,44,0,https://product-images.farmatodo.com/-NPgumbWDSUSYAwFDxfs1HpPoQki6lNY4O2HG2eVJEPLH7sy81guLrTc1qjceXB1d6HNv1uEBKEfltPMhwvJ689KrmFoRWTh1tCfdOlrD5KUgT64XQ,2026-01-20T02:37:31.000921
221750075,7702354949648,Tratamiento Capilar Nutribela Enzimoterapia Sobre x 30 ml,Tratamiento capilar con complejo Nutribela10 con 10 reconocidos ingredientes incluyendo enzimas para controlar el frizz.,QUALA S.A.,Nutribela,,,,False,Cuidado del cabello,Tratamiento para el cabello,1950.0,0,3197.0,411,44,10,https://lh3.googleusercontent.com/of982gsMkhU8ILG6Atr-awLo2aMnyKDn3TVVP8Z2JDT1-xq_fTHr7Tpad9Vskv1xURA7bLn8iEBQuXZc0GdZKV_FsdLUIapjTsh2Kg-3armNrCAY,2026-01-20T02:37:31.000950
1002297,5034643009187,Ventilan Osp Salbutamol 100 mcg GSK Inhalador x 200 Dosis, ,GLAXO FARMA,GSK,Salbutamol,,false,False,Salud y medicamentos,Droguería,26750.0,0,3162.0,220,44,3,https://lh3.googleusercontent.com/Gqj8K0axz3jw91TEZqF8hyRw7sRc59lyp5y3sO4FDYlqRW9oiRF_EPN-QstWhVomyOPKqoinkMPSbWcitQFpE6mPkahF92GHyKv1-L6J2RTuPYBm,2026-01-20T02:37:31.000965
209000386,7707236127213,Diclofenaco Sódico 75 mg/2ml Vitalis Caja x 1 Ampolla, ,VITALIS S.A.C.I,Vitalis,Diclofenaco Sódico,,false,False,,Droguería,2500,0,3132.0,301,43,5,https://product-images.farmatodo.com/oS_JcBrXmljPr4eYXWVtfEDpHmotDNXeb1Y18V7wWoWN0BciSXoubjqsEnywAN9PxJl1oHKlx44RQzBsHQ-IRsc_4XQdm6rQnqM5,2026-01-20T02:37:31.000978
1050879,7861073963530,Lomotil Difenoxilato + Atropina 2.5mg/0.025mg Fracción x 4 Tabletas, ,PFIZER S.A.,Pfizer,,,false,False,Salud y medicamentos,Droguería,8400.0,0,3131.0,1400,44,0,https://lh3.googleusercontent.com/KnZmv6mB4BWVkz-0fUPohLT9G7Hx257_Oc9GY3gYWCXyveShanr_a9IbrPZunGADzYYQGejd-Nf19icI0VNppy5NlWmM8tz3Rzdi5DWScwAbOp7Pug,2026-01-20T02:37:31.001004
1002495,7702605102044,Omeprazol Genfar 20 mg Caja x 10 Cápsulas, ,GENFAR S.A.,Genfar,Omeprazol Genfar,,false,False,Salud y medicamentos,Droguería,4450.0,3560,3094.0,382,44,11,https://lh3.googleusercontent.com/vcJr1XQon-sjG-tX-lbpoxWZ4IocY7-aoMOmvWS_758y_KY2tZygBzue7W83ixj0OOzR9QrKroZHr1nnqDFRZ8du87BKa5B7uhA,2026-01-20T02:37:31.001017
206650113,7702057091071,Acetaminofén MK 160 mg Jarabe Frasco x 90 ml,Acetaminofen Jarabe 160mg/5 Fcox90ml,TECNOQ OTC 2,MK,Acetaminofén Mk,,False,False,Salud y medicamentos,Droguería,10300.0,9270,3087.0,459,0,0,https://lh3.googleusercontent.com/9bz-obJuFAP75E4Jx4-utIQLsvw3dsNv_8pJxMGXtWASd0ocrXXiLOimvMmnYf89WMDVnyBXK3e2EaJq28GdgRnST6R18Sfx85lLkrPC9zJvXKzQdw,2026-01-20T02:37:31.001029
1049806,1530184,Vitamina C 500 mg Fración x 10 Tabletas, ,TECNOQ OTC 2,MK,Vitamina C,,,False,Salud y medicamentos,Droguería,4400,0,3047.0,899,44,0,https://lh3.googleusercontent.com/BTiSb1xU4JHOOZY9mt7lwqRfqWIZsGZpde0QCseZ-P3_-6JXBjI4Q8iK_T9hNixzFPDqtsvG5oaF7taIsDzxdqqt5e2G_GrAOg,2026-01-20T02:37:31.001039
201300042,7702057731755,Vita C Vitamina C 500 mg Naranja Bolsa MK x 36 Tabletas,Suplemento de Vitamina C Masticable.,TECNOQ OTC 2,,Vitamina C,,,False,Suplementos dietarios,Vitaminas,21550.0,0,3027.0,344,42,0,https://lh3.googleusercontent.com/BweH4pcw1qB206e6Lj7uw-O_VIOUdK6estdD5yi1CEPD7hp8Jr4XaptVMPlESn0PQl_NshQebWtg-PJpEqJAcP1QxccgPFxq7D_TtKyfrSjY50M,2026-01-20T02:37:31.001054
235800037,7709930365229,Parches Pambu Hidrocoloides Para El Cuidado De Los Granitos x 1 und,Pambú My Pimple Hero Parches Hidrocoloides,INVERSIONES PAMBU,,,,,False,Cuidado de la piel,Cuidado facial,36750.0,0,3006.0,363,42,1,https://lh3.googleusercontent.com/NAqv1XRA29bQor7zEc6hWf_Dz2Bms7iIC4FQmD6Wp97e4ItcvC_CK89snKnCyEy-CqcO22ElNxdQ_wJnjxtzGNltpDg7kQoMBXNC4XB9OKsgS6o,2026-01-20T02:37:31.001070
274100480,644216136407,Creatina Monohidrato   3000 mg Tarro x 150 gr,Suplemento para aumentar la potencia y fuerza explosiva. Favorece la recuperación celular de los músculos tras el ejercicio.,HEALTHY AMERICA COLOMBIA SAS,Healthy Sports,Creatina Monohidrato,,False,False,Suplementos deportivos,Creatinas,71050.0,63945,2922.0,303,45,2,https://product-images.farmatodo.com/eDbEQXtGscndFbslZgQBa27du3HSuEiPu3cHaHG9WGEZrNS9gpuFh0fy_Th58ZBAxEkLxsBrfyhYkOyAR7HstG7DC8pq1CLUHp_cuKDjPI0bx5M,2026-01-20T02:37:31.001088
1051671,7501033959974,Pedialyte Active Coco Frasco x 500 ml, ,ABBOTT NUTRICIO,Abbott,,,False,False,Salud digestiva,Antidiarréicos y sueros,8200,0,2918,250,0,0,https://lh3.googleusercontent.com/fayC1THEUfxnM0W4BBqpDdXqT0ATGJ_LQHhcIYwLpEipcgYtv02n1_bq8moRzMbLvrLJgFw5HX1_qqQInQteV_p8IOHm4T1rIUjHIdvnEr8k9Qhf,2026-01-20T02:37:31.001133
1043326,4104480706172,Abrilar EA 575 Jarabe Frasco x 200 ml, ,MEGALABS,Megalabs,,,False,False,Tratamiento de la gripa,,54200,43360,2918,71,0,0,https://lh3.googleusercontent.com/zsUqHJVytigltRZFNVBd8vFcxVC38PONDU2_HZoRuUj-Ulmv9y0CMlx4WMZvRfSdsU5JNxepEhY8XU5toTsgixRgbvitt4uHTGywkX9xCfGqSYJYRg,2026-01-20T02:37:31.001161
233700041,7701684000128,Crema Antipañalitis Almipro Ungüento Frasco x 125 gr, ,SANJORGE BIC,Almipro,,,False,False,Higiene del bebé,Cremas Antipañalitis,37000.0,33300,2909.0,396,45,0,https://product-images.farmatodo.com/99A6X9g5_fSX9eirmjn5GYMTAX0VsnqW6xPapua2CuuYdh4-QRIswj95mbd-n6Um-jxeaHEKBzSM0zDBSq6Bi-51RDvvIwJPSGtxRCfdqATYNg0,2026-01-20T02:37:31.001180
1001955,7703445040015,Monuril 3G. Sobre Caja x1Sob. Zambon Fosfomicina Trometamol           , ,ZAMBON COLOMBIA,Zambon,Monuril,,true,False,,Droguería,20050.0,0,2908.0,373,45,1,https://product-images.farmatodo.com/IJ0DwAyX2S5Alt1SLzxU6wF-UsFed9xmE79GoTZr41Xiuo6PNogLJHe6up8kR3FFTvDKdOV1cNTutBpSmlYm0sera2B8OIeOHtvEFJGKsAJcG5A,2026-01-20T02:37:31.001193
220050202,7707177976697,"Solhidrex Sales De   Rehidratación Sabor Fresa Sobre x 20,7 gr", ,LABINCO S.A.S,Solhidrex,,,False,False,Salud digestiva,Antidiarréicos y sueros,2300.0,0,2899.0,381,42,16,https://lh3.googleusercontent.com/5a01LoSjYE4zUg59tbAuU4EpjlgjTuaozRxHd9lwdt2yytUxh9WmPNNHKF4MIgNoU_8RtHp0r91hrBE0UBPTei5xnczcTAiABWqfuR7091gTaOdK,2026-01-20T02:37:31.001227
106761828,7702057700140,Vita C MK 500mg Naranja Sin Zinc Sobre x 12 tabletas Vitamina C,Suplemento de Vitamina C Masticable.,TECNOQ OTC 2,,Vitamina C,,False,False,Suplementos dietarios,Vitaminas,10450.0,0,2885.0,425,42,0,https://lh3.googleusercontent.com/PyILlsNSeydNCUPxtJRSmffXYcZnUcwe42Ym_JxP8t0H1h-jQ5b5cHPK96ptnVcCp7PQdSHVOfmKZb1MzVcM4FGeWOMs3y00qohtHHA9-V-xhyA,2026-01-20T02:37:31.001250
1002615,7702605101931,Naproxeno Genfar 250 mg Caja x 10 Comprimidos, ,GENFAR S.A.,Genfar,Naproxeno Genfar,,false,False,,Droguería,7900.0,3950,2853.0,479,42,0,https://lh3.googleusercontent.com/pTmucqiria2Dq2x_vQR04GmGbdxsWle-1xBtn6Ktn5bek_JOJKoLffNm7QZVyVuryZ7n9gHgJTOBrDIU5fo88PFo9br7MGSWx34n,2026-01-20T02:37:31.001270
1061560,7702057710163,Losartan MK 50 mg Caja x 30 Tabletas,Losartan Mk 50mg Caja X 30 Tabletas,TECNOQUIMICA MK,MK,Losartan Mk,,False,False,Salud y medicamentos,Droguería,18400,0,2826,1286,0,0,https://lh3.googleusercontent.com/IZr2hTNPSCPdWhpL-QmcT63mfp2-544pPFyhK5Co9n3BRvC7qNtVJw5OODSqKqY90bqpWBqxsyWWWRbIALi5xzhL-zp8ahSgslI,2026-01-20T02:37:31.001282
1002943,7702418000780,Cebión 500 mg Vitamina C Naranja x 12 Tabletas,Fortalece tus niveles de Vitamina C con Cebión Tabletas Masticables. ,P&G Health,,Cebión,,,False,Vitaminas y productos naturales,Vitaminas,10450.0,8360,2811.0,872,44,0,https://lh3.googleusercontent.com/jrSEtYSiIx5PtsKxcU3gEwrwglUcTvn7b5vNW_AFSKcD5LyPRtWksy5RujBNMD9H2sEzc3GmI9WpZHZyX1c84N_uW29AMlHnZXE252kWMomu3SjhgQ,2026-01-20T02:37:31.001294
1035471,7702123007418,Alka-Seltzer Extreme Ácido Acetilsalicílico 3.3 g Bayer Caja x 8 Tabletas, ,BAYER HEALTHCAR,Bayer,Ácido Acetilsalicílico,,,False,Salud digestiva,Antiácidos y antiulcerosos,28900,0,2809.0,276,15,0,https://product-images.farmatodo.com/O1fPtvSr1EZWJiKhfCNrtWVvoyRPOPLVypAih6nFOtmlaFAE1q55Qn9mfiHjVLOd54d3TGvNg7PYJ28KF9y7yh5SrOji0CflHrnvI3D_4Qu1ej0,2026-01-20T02:37:31.001309
1015123,7702132004330,Advil Max Ibuprofeno x 16 Cápsulas,Alivio del dolor severo y prolongado.,HALEON OTC,Advil,Ibuprofeno,,,False,Alivio del dolor,Dolor fuerte,30950.0,0,2809.0,715,44,0,https://lh3.googleusercontent.com/qQ36nShBaL1eZ81eNQbi5rffbLh4vFbpUaEACBabhJsOPOelLc3cacDrUBrh7RyQA-hhXfsA_09YrrXlM-9_ZRyLP9RDMO9s08VjymaqM_VjG90,2026-01-20T02:37:31.001361
1012421,142807609,Neosaldina 300 mg Fracción x 4 Grageas,Este producto requiere fórmula médica para su compra,EUROFARMA,Neosaldina,Neosaldina,,false,False,,Droguería,6850,0,2805.0,1641,41,0,https://lh3.googleusercontent.com/9jSlU7CrSHBg2fY02yzc1PclrxdJIo2MkUsJZEkKo6u2DZQ5R2baxgAax9eJva6stvLGuB5bG0yCohTI_meY66eUWQDAR3bxvgkK-37N-FnsL9tf,2026-01-20T02:37:31.001378
239400217,7703991306382,"Mounjaro Tirzepatida 5,0mg/0,5ml Eli Lilly Caja x 1 Vial", ,Eli Lilly,Eli Lilly,,,False,False,,,307350,0,2782.0,221,15,1,https://product-images.farmatodo.com/j8qzjZ6_C0Cep5lh9wNw4oIZAN35FrTWvJ4moMy9-pPGbufPNnsZuBPJ1yF7Xn0rKZCIw-wc5VVGaL9joxPmTnKb5VAmW6WJwIIh-y6s_W7xJnI,2026-01-20T02:37:31.001395
211750522,7500435246415,Pastillas Vick Drops Sabor Miel Refresca P&G Sobres x 20 und, ,P&G Health,Vick,,,False,False,Tratamiento de la gripa,Dolor de garganta,14050.0,0,2775.0,331,45,1,https://product-images.farmatodo.com/G_XHE0uTKcHeykibKa2lwZie3wYNVXMjrNI4CsKeNH-Nc0IVDmgrDFEiOZWjNyKLdzyFJSb_YJ1M0Kt4aY2naQmJqUZ7KffnfNrb6LReat3Sg_-8,2026-01-20T02:37:31.001418
1000258,7702057285678,Cefalexina MK 500 mg Caja x 10 Cápsulas,Cefalexina Mk 500mg Cápsulas Caja X10cáp.,TECNOQUIMICA MK,MK,Cefalexina Mk,,true,False,,Droguería,11050.0,0,2759.0,562,45,1,https://product-images.farmatodo.com/VWXIFH7izQ-IS-VyLAT1XP3ic8vxji-79L_7sy0epeX6j6Kx2qyPXTzjCEx7ZaWks58FonKUF9HmFHzZGrzqKb0iWT04Tx4Zx31jo2kBE0fDA7fE,2026-01-20T02:37:31.001433
1044160,7702605107063,Desloratadina Genfar 5 mg Caja x 10 Tabletas, ,GENFAR S.A.,Genfar,Desloratadina Genfar,,false,False,,Droguería,34550.0,0,2756.0,361,45,1,https://product-images.farmatodo.com/ruZvrykxZmhUt3a0dt5uH1rPuN_RFy-zbEdy3Rk7QyLRkmxHg7bCoj_8My8Uj8hmnUtYM0nrCl0naip0SfDROIJWJ75pX2KKWQ,2026-01-20T02:37:31.001442
219050109,7708744872725,"Gomas Farmatodo Colageno Hidrolizado + Biotina + Vitamina E 133 mg/100µg/6,6mg Frasco x 60 und", ,NUTRA & FOODS,Farmatodo,,,False,False,Vitaminas y productos naturales,Vitaminas,29950,0,2749.0,90,15,0,https://product-images.farmatodo.com/ysG0DSaguOOWNuH6VVXj95qTwfTcVgNinOboTz_LxEoiFNzo4PlEQCZXNXexM1BfmTBkSd9F7mIxEdijUi9vr4NsxWvpCwem07L011jEwQW6ndg,2026-01-20T02:37:31.001460
1033365,7702123006800,Aspirina Ácido Acetilsalicilico 100 mg Bayer Caja x 28 Tabletas, ,BAYER HEALTHCAR,Bayer,Aspirina,,,False,Alivio del dolor,Dolor general,21050.0,0,2748.0,643,45,0,https://product-images.farmatodo.com/ytm60t0MbkW9HLdYVxN92izoHeeR-Uzpo50bLsfK4gZQS7Um2ZJ7d0en980E6kdNZ6HabhoaJkQ2CJGuohNUnUnZrT6zBa9vdxJaleCNxM_KQvEJlg,2026-01-20T02:37:31.001475
242950105,7704232002087,Parche Fit Euroetika Monodosis x 1 und,Parches para alivio del dolor.,EUROETIKA,Euroetika,,,False,False,Alivio del dolor,Muscular y articular,12450,0,2721.0,540,42,1,https://lh3.googleusercontent.com/IToThbnT7ZhIeJQOS2qbg2IlXfrHstnLGayBauhqzuTq4wK1SK3gmeGtkvQ18S6869CaLKCKygToltRCD6KbsKAVAgNeDHp9_1c8eiqmqHamNC9d,2026-01-20T02:37:31.001489
1045047,7707274721053,Activa 21 Levonorgestrel + Etinilestradiol 0.15/0.03mg BCN Medical Caja x 21 Grageas, ,FAES FARMA,BCN Medical,,,false,False,Salud y medicamentos,Droguería,7350,0,2712.0,87,43,2,https://product-images.farmatodo.com/yseZXAzD-6iAhT5gRDZfynBuF1Vq_w3AnhPA9tOxJbTuR5DnXzIqOthaJQ9JNJNk4bOq0EfJv0_pmicWzkpEAP17UBjMCkdQ6W5_Bloi3bKuSA6ebA,2026-01-20T02:37:31.001502
225550118,7707274721206,Sacrusyt Salbutamol 100 mcg Inhalador Faes Farma x 200 dosis, ,FAES FARMA,Faes Farma,Sacrusyt Salbutamol,,false,False,Salud y medicamentos,Droguería,22850,0,2706.0,269,43,0,https://product-images.farmatodo.com/JKf-_FUMpuPLEr8AzOLyGZPADZlOvQrvj8URBLwJMic6hanwDYvjIFu_gyqhqiliSKUgfDkFGqbLMPUALHiaNIfOY61ZUVsRwO5Sol4mNwuMM3sDKA,2026-01-20T02:37:31.001512
201050055,7702057717070,Quetiapina 25mg Mk Caja   x 30 Tab, ,TECNOQUIMICA MK,MK,Quetiapina,,true,False,Salud y medicamentos,Droguería,14300,0,2670.0,96,15,2,https://product-images.farmatodo.com/qReLXwU6RlbQGVzaND_B-Fp_HZJjK5ZrREptnrmxRmogVhJUZ6RXrjEdVGwD2mi0qBekE4nUmZVLLd68aoyIB2qUvA5pdLVRNUoxAx1HhveN2QtaXQ,2026-01-20T02:37:31.001521
1002997,7451079000874,Dolex Niños 2+ Acetaminofén 100 mg Haleon Caja x 20 Tabletas,Dolex niños 2+ Alivio efectivo de FIEBRE Y DOLOR X 20 Tabs,HALEON OTC,Dolex,Acetaminofén,,,False,Alivio del dolor,Niños,18500.0,14800,2648.0,390,44,0,https://lh3.googleusercontent.com/wKJPbhtxRMl2_vqW-fVLqI1eY6IzVfCvVD9A8XEzqj-RGNcYPekARP_ZERRdE0VvXAy8VQg1dnWmesAKx9Jp8RmzwZwW34vhP71P8x24US2UZeA,2026-01-20T02:37:31.001534
